Income,Age,CivilScore,LoanAmount,CreditHistory,Approved
-0.5293321124483711,-0.09338685889994834,-1.5265723617342744,0.40684650400043243,-0.6196994641009175,0
-0.9784995458666064,-1.690671627606452,1.2293078544134977,-0.7030705236475752,0.20205497372396064,1
-2.1715714047604475,0.5457867135323555,-0.2447303787664704,-0.12940657271334588,-1.4746659690902484,0
-0.15129922023252232,-0.36550593698526584,1.335713686728592,0.03835503634876547,-0.005317441526908162,1
-0.7773714848459066,1.146030144142065,-2.4793426552083795,0.2970143083880592,1.5185221714326418,0
0.17847666388538974,-2.1770650464428547,0.9150076405899892,0.6180915580639812,-0.4239093870436864,1
-0.9626510119189764,0.8227827808340025,-2.3587775901039714,-1.7827019376023117,0.36265080739935707,0
-0.06418416128881928,-0.3613105619672905,-1.5142587671113863,0.5048608760035539,-0.6531013116714501,0
1.279464931657751,-0.8638829605897661,-1.8489701254446813,0.16467468687004094,-0.5666777635321887,0
-0.36920720044744615,0.8419836954521269,-0.5181291443044587,0.1658713162125568,-0.8809563850649706,0
-0.0350076100062359,-0.9899577925520139,-1.6986323704565502,0.07537493329528389,-0.6262402311077633,0
0.6037905202778941,0.6709112482768751,0.45502295550441074,2.9503395975271296,1.23731973058993,1
-0.6981996746110497,0.6336610247740587,-0.6456268105677958,0.26221962740055615,-0.6314481137971907,0
-1.1071568168024517,1.2960630617813962,-0.5312909607112446,0.8323346118897483,-2.626875863216913,1
-1.222895019555564,1.9203675021442612,0.06147635829782461,0.4574241621259951,-1.0230970869026534,0
-1.911640550651757,1.6786746733725662,-0.8155853562265275,-2.092469465491263,-1.8477025869052164,0
0.4430021304473752,0.041325632270618466,-1.1461094722524545,0.31941362271104123,-0.740068225158631,0
0.8447743757816999,-2.391956204313024,-1.9478412513375547,-3.1828821815644135,-0.7129697191978239,0
-1.9689231424160831,-0.6922503292658964,1.2089432512703229,-0.01638935177456502,0.46957421985599357,1
2.8684030556667683,0.012499321907250335,-0.18092213938302992,1.5723469861713237,-1.396405429757166,0
-0.21560957856802238,-0.0070449854805546995,1.7004776614471435,2.0743372384860663,-1.9156504734400375,1
-0.5764195763348441,-0.23130094292969955,-2.4808810946192303,-1.9173740599902953,0.06805532836012507,0
0.07227896538428889,-0.13216935564437185,-2.1243210051415473,-0.30801431675012625,0.8226438153846618,0
-0.941022700666379,-0.3152966552861244,-1.08208681351158,-0.8228400772783986,-0.7305421513857953,0
1.935154040060229,0.5114995753618613,-1.4068965755287075,-0.456370436723442,-0.4592345259485554,0
0.4147728907887909,0.00161903135694112,1.009950948949406,1.317191801129646,0.7967666583531742,1
-0.3756336657655356,1.0626572907875265,1.2876075086264458,0.04942913430094986,1.8572253573984383,1
-0.3975577654917214,-0.9701242603796436,1.0274573547294765,0.8365137344472191,-0.9937041193000447,1
-0.20562785364324765,0.5872624134641767,0.4362200028221652,1.0315592847510935,-0.16151212683224636,1
-1.385987942398998,1.9725421767898081,0.6247710871700984,1.4711254170682548,-1.4719915713653653,0
0.6952029000839993,1.3705361439967134,-1.2438403399005866,3.574555892071237,-1.7943452832634212,0
1.5905820726178506,-0.2843846496065094,-2.2041923791070612,1.7934357281757904,-0.9495274205050679,0
0.2635508119547848,0.3957988487097468,-1.2958900308955914,-2.55792195579646,-1.0963917366895144,0
-1.0753123930492379,-1.2070216478572156,-0.29935896067577183,-0.6439137467994023,-0.5990806914929816,0
0.7396531517246714,-0.13939720066323416,-0.09981503078352771,0.9360194976438831,-1.1247000286731024,0
0.5843141664353096,0.37021188994174087,-1.0866045654307843,-2.7143213418641805,-1.7386411537663529,0
-1.0662349318992252,-0.8153756283161213,-0.7904229346351762,0.29561765542645757,-0.8686521559268221,0
-0.24268127681203333,0.7060789138151315,-2.5179430944715913,0.26045881758356015,-0.5303919404898877,0
-0.3173504922425348,-2.0634031524794545,-1.797427268167102,0.8090759717447298,0.67879749963689,0
0.014508999262654136,1.2880757248523775,0.7390693603673603,0.9580559105260179,0.1467075844244502,1
0.01840163078343813,1.7549330716472415,-0.23236369377630972,2.196052138151309,-1.4756809087254916,0
0.15776143929376948,-1.3902219251534627,0.3442941194842565,1.0706533877910176,-2.843192822903724,1
2.0750650393485417,0.4964001177339411,-0.3007509239150643,0.6881773913149045,-0.9077829506970679,0
-1.7931064525345768,-1.2644984069549656,0.8643101337144412,0.9313269449089173,-0.9573003459444382,1
-0.5606076368473096,-0.12765468151819004,-1.9461249204348334,2.185479046675014,-1.2187359190959803,0
-0.09482423128087224,0.38837572923016833,-1.3923352732215797,-0.8703453409455933,-0.36345374135087094,0
1.1717179147161598,-0.670115200454233,1.381119800196129,1.0459201622564422,-1.0391006995253174,1
0.4877748210843382,1.0484826510505925,0.4430434906317531,2.516997330019575,0.5087946516868243,1
1.9114190871397234,-1.0708524186844388,-1.8785530724601407,1.2529915083530534,-0.954455363900217,0
0.6266136372630706,-0.24861585376667725,-1.3082218479965886,-0.9461642135636754,-0.682134713218709,0
-1.1840305582225594,-0.39767969361460404,1.6417119178568684,1.7149232933865095,-0.9914273027764523,1
-1.357517539841935,0.8396638644311888,-0.6498319577028946,-0.9265480805725728,-1.3258078157249833,0
1.1279089932535693,-1.1274960989530387,-3.470470699631946,-1.4908654190837263,2.284361325425433,0
0.7105491022977853,1.3934545275244314,1.0022048125280052,0.4660615691064013,-0.24118474410141544,1
0.5925303073177614,-0.6083507646793376,-3.017801658094593,-2.7468141337247074,0.8879059984614048,0
0.6089053562546319,0.200459631413729,-1.143981149963652,-0.0636270744809212,-0.39528346426398975,0
-1.5304614097433769,1.558789184496894,-1.0655639430722428,-1.6295277682659979,-1.4432626935438668,0
-0.7469232850701676,0.0861108682589779,-0.7887361697230627,0.16620095309642835,-0.6568745497339531,0
-1.17223375343664,-1.0425776946705763,0.4046920416222358,1.923087849522425,-3.8372309849105672,1
0.3981472651225371,0.15532499919940146,0.7247603765985882,1.447646975040604,1.034567694624401,1
0.6464895377257704,0.23144592252557222,-1.506132185405677,0.47824954832451594,-0.7586072288867346,0
1.4891131083282896,0.5055892418358746,0.5982835157460225,1.5338430091672488,-1.3651373064012886,0
0.42544486418417227,0.18517553682991406,1.1932941434278872,1.5840167164677512,-1.6419925142466005,0
-0.7567639770159263,0.23278674294016363,-1.0285476840987464,0.8410135713849071,-0.9728560844307522,0
0.1722543864110375,-1.1793691216326172,0.15314643363339064,0.24113879510865022,-1.0743993150802216,1
0.29964768783734813,-1.6158867874104728,-0.6419757957214007,-2.2811975473319137,-2.051683558888011,0
1.3305749040390402,-0.7801991291174627,-1.6612831325773914,0.4842332738938204,-0.6494712091585226,0
-3.1767038131960006,-1.0952705188428047,1.4632428818412453,0.7945959605072885,2.292631600804606,1
-1.8896492920961532,0.31110999114319526,1.7705675240382164,0.9962784629096268,-0.1661563779701407,1
0.30761266818919614,-0.1403750589053363,-0.7178379171934972,0.6553966098333095,-1.0223462789695403,0
0.37976763604089603,1.2376537575119981,0.9880360159399335,1.3718819457422122,-1.4824721007199855,1
-0.10581875749769788,-0.016610342325908987,-0.3637877017645076,-1.469818779622221,-1.9826390359557595,0
-0.9797212247168068,0.4581681147886987,0.4189884791672138,2.3633008745319026,-1.7615358631825666,0
0.0022879361435040493,-0.2430611988808665,-0.20599117661255162,0.2059680470843368,-1.4723444154838938,0
-1.7518288067517191,-1.1543626682329844,-0.45536568668339517,1.5189853236679043,-1.2473901146731492,0
-0.7351168007245882,-0.057907749876908735,1.2641259283601,-0.01776802029996616,1.4721459593875634,1
-0.7746149700185819,1.9234457948249533,1.1087267562185361,0.8363211134795957,-0.10351029151221625,1
1.311693449272661,1.6350663945275195,-0.7285581425150968,-2.1342894672524837,-2.140874986645429,0
-0.15774698323148525,0.718417423471641,-1.6939776743523822,-1.397257417196879,-0.20156803907003695,0
-1.0916251721591026,0.20953423026279433,-0.3682011718174144,-0.45685167336680443,-1.6025152560648888,0
-2.025807873111377,-0.41790954576589057,-0.284233834991259,1.8329426155722395,-1.4251742486180896,0
0.3123782104665717,0.3733485597113982,-1.3453839053049363,2.563260439882315,-1.4941128923682137,0
0.4559041951707029,-0.6065033882157399,-0.4854900686992475,1.7110071736383934,-1.3526240865404469,0
-0.732968899123759,-0.6671890847775054,-1.624477061832713,-0.409944941816502,0.4984326588504391,0
-0.8022800271395435,0.24608361531640882,-2.4856836577169457,-1.6872116686893834,0.7705780924870673,0
1.0719298652117972,0.48730523704499484,-1.5656163378340429,-0.6957192397369096,0.08177332091330092,0
1.356583385827982,-0.29424250563645765,-2.224923505982331,-2.404594538103545,0.06046672515827689,0
1.3863493972628438,1.153590343316926,-1.5341338740963435,-1.7845176117199144,0.03984341402353153,0
1.057368305378225,1.218194711754256,-0.7413126314200799,1.0644434838033874,-1.067376866353757,0
1.1628385775349859,0.8431053323232401,0.28234041435942725,0.5381669085729284,-1.9676170681706557,0
1.0706105599791862,1.649480894323921,-0.32707570231489813,1.171630592353682,-1.15575951947373,0
1.3183023248526693,-1.9093560875072928,0.5469370969348255,1.3655851426765793,-1.403825230749223,0
-0.6375875420759638,0.7424589135926202,-1.0352403109268087,0.5385371477290166,0.05995454437195469,0
-1.4162270557926455,0.8622235118869771,-0.7941678492779116,-0.500391827267243,-0.6618643190539324,1
0.29815846599052565,0.6032475005713938,0.35168738584405346,2.1133705291126423,-1.6387283479773607,0
0.03944704824073949,0.4240668615184512,-1.1286498029647107,-0.9896895131950221,-0.4115383103692959,0
-1.611567359102828,-0.3464265060068996,0.5157678243126413,0.6657550797049588,-0.4418444760805109,1
-0.31030770538490365,-0.9680457585102453,1.9358456580188763,0.34580417828764853,0.9526116656444596,1
2.046862195719558,-0.22247489677826537,-0.7566377061529034,4.959801345227888e-05,-0.7640468124044304,0
-3.1704257358780557,-0.0809173376626882,-2.521902606529837,-1.810409621697242,0.47693368304671857,0
-2.4980610174929394,-1.0584406336416528,-0.7172141013416362,0.393951706331795,-0.9344732366525216,0
0.46248362406685406,0.9603047962814704,0.8596120782545207,0.929043331614424,-1.0271022338588975,1
0.1825010305992134,-0.04489303012253698,1.9739266915821978,1.0811100959715065,-0.4968073045823175,1
-0.336254738681072,1.1590740649558977,-0.14478037557934065,2.7138696531268076,-1.7243949376115377,0
-0.4586386361010845,-0.5893322314273619,-2.4162103630226954,-2.895751753711531,-0.09396889529367003,0
-0.9575689550152122,0.39542098538803827,-1.2670497477677727,0.32141504004655297,0.2656298424603394,0
0.5583364232117055,0.045491476330752,-1.09140124271207,0.5109066480715965,-0.051999793781004944,0
-1.3717431292635054,0.9788895585567791,0.8810394475353831,0.016470554597632914,0.6429071245439106,1
0.29497145570882155,-0.5347566708443231,1.5284551809758549,0.8244370959666111,2.18734532725714,1
-0.7191094514491861,-0.8239354869719998,-1.1542296199806268,1.1387284858179911,-0.956753264751761,0
0.7123221595801621,-0.40968659262949736,-1.5415666646863744,-0.6794455078356862,-0.2937056170493443,0
0.7938184671438159,-0.4327738835883887,-0.16090846562296401,-0.9350032076810076,-1.9535727919450196,0
0.0798014840587331,0.8595848723435562,0.140264671411789,-0.6069016453769307,-2.392249954939925,0
-0.9181269834165748,-0.695694877197064,-1.6438364149600682,0.5433722753100763,-0.6440422105386832,0
1.424495821246948,-0.8360621521000249,-1.9271049228843131,-2.530805241903038,-0.5349777825674633,0
-0.14702542343084998,-0.5501152829365389,-2.0067082061117856,0.44829163952637063,-0.7000038016683181,1
-0.009844808650383004,-1.0642200068173489,0.5252856112634569,1.6855844799494717,0.1677720738171402,1
0.9374774925069249,-0.21596052035023222,-0.8033121724122194,0.036288927154837225,-0.9180273601499636,0
0.3796396483859655,0.42934082280173436,0.9127040810122699,0.9025844380526162,-1.18024541133493,1
-1.4000707231830092,0.9826831427699412,0.9183695300274506,0.44027242000048783,0.9506878834784369,1
0.02731337985143867,-0.6538983883255765,-1.0867365440397379,-1.2372942740566706,-0.9606947405718873,0
-0.14325891536419263,-1.2905614219462187,1.6679254813278082,0.43774167289224686,1.5129877586305125,1
1.7963608229269636,0.5027844268951942,-1.2880384421849216,1.510835522093961,-1.0258128956197483,0
-0.7597031174802871,-0.782003492511037,0.06453709258796791,1.1931615382328813,-3.1012401171270088,1
0.47543068252662346,0.43477006455689116,0.20278802623484293,0.7511300798336624,-1.043860673040802,0
-0.38736196455281124,1.1395555360254692,-0.40147768297318887,-1.309756624117754,-1.958676697052748,0
0.26426827164563654,-0.11464083550639245,1.1668708936009073,1.9204982057004045,2.566295603241638,1
-1.1536922813398585,0.6813623265753054,-1.0243682523690423,-1.4129766562373884,-1.236489478558605,0
0.5740712208940013,1.5898389781806839,-0.9235961215966593,0.587275334024754,-0.8160358288407166,0
-1.7476365098282616,1.7120402840178925,-0.6125397331222744,1.0510415619428939,-1.0807902740293862,0
-0.8449414385934964,1.0094717885959688,1.274313627599318,1.1903246509844905,-1.1787458381328038,1
-0.031203488939083975,-0.863493604964934,-0.08398261630889436,0.6462560290147341,-2.0609202344777344,1
0.43221669075925395,-1.340072071123935,1.0425434964087748,0.20335615052183398,0.8329561829560332,1
-1.1564158167438567,-0.5800163326536847,-0.5170848530412412,-1.7997999289002116,-1.8409710055764616,0
-1.342127748485115,1.3995946451457935,-1.3521772572407076,-0.26036727134059134,-0.5275539697143411,0
0.4197056083572659,1.8688178405438531,-0.7867921499690402,0.7051335814054167,-0.1076275918526558,0
0.14506374595938162,-2.018487864388638,-1.9945569953001643,1.349877342058434,-1.023708577860566,0
-0.4124138182164804,0.5861658003927833,0.08673029891363893,1.273884098261839,-2.235535413656948,1
-0.30561061415380336,2.7552177437199017,1.3434096395026254,-0.8396822412511777,0.5423678379949353,1
1.3845320475939062,0.2525688459966235,-0.8270133682114361,1.6119738928290164,-1.1936505701753257,0
-1.4769249275319014,-1.0973683189710666,1.2062926664437645,0.9347061153487174,-1.0040646184570563,1
-0.1962806513879368,-1.5327005598899308,1.6322848034172508,0.6704662810152417,-0.09893721100428898,1
0.73463754545933,0.6928557558178116,-1.2463367933880218,0.7201033403014343,-0.7604616493410828,0
0.5798572852951321,-0.12951724686344077,-1.2924543955584675,0.9442653931410679,-0.9313081509064571,0
-1.3505559643429832,-0.6870140996994973,1.2359235520118637,2.155360516281585,1.2224630063533486,1
-0.5244481362626519,-1.6566232076777738,-0.2637340531007698,1.7247812006311467,-1.362863183281188,0
-1.031955242094435,1.2347519140447951,0.3765869188424875,-2.278428497891218,-3.52705449965986,0
-0.5898947564628909,0.5954908976392573,0.3310790304420841,-1.5950292944537372,-2.847173064737399,0
1.41418728833109,0.5873916998060122,0.8173275735383461,1.3837110338829637,0.7450660873122368,1
-0.6327550298850391,-1.542801515209646,-0.5153698192575362,0.817032985064885,-1.1487254021663127,0
0.5221425459339358,0.9784221120280351,-2.1157742509649147,-1.5571675818839807,0.022306863932552323,0
0.7158727446909593,0.4042128652773319,0.21907066084522286,-0.8982604407459706,-2.4574872158032877,0
-1.9140600705874673,0.7564883543160984,0.07030411720101215,1.5498496790682308,-0.40422728016286347,1
-0.05739536507403601,0.5070202721353568,0.7518211332443887,0.8825847317935626,1.1436870365391165,1
-0.048965030858450255,-0.6573725539947244,0.7376009769700136,0.9783654421560609,0.6728611011945386,1
1.6095206657759729,-0.7717719573928751,0.9303642847353493,-0.1214814192253384,0.2566473346225181,1
0.1158245872269461,1.3784696274615047,1.1069377863371483,-0.9151156805190894,0.5367763495872528,1
-0.41521376790527154,-1.3495762115515322,-1.9606221044193481,1.5800464700278933,-1.1251896123017693,0
0.36414029605466136,0.1493634822711889,-3.664032528969812,-0.21080197729027472,-0.06386836320071365,0
1.2912738390158789,-0.2775442563155516,-1.154912300427036,-3.2407869989190567,-2.0526857078914826,0
0.5140625524247758,0.8458028725629282,-0.18729692492281003,-0.04738698671547292,-1.7582895121606075,0
0.004229858994151577,0.8913036868697555,-0.09520341703843105,1.237656928440257,-0.974403487182129,0
-1.0551076754804494,0.4802605014059249,-1.1621518020844417,-0.7963881059494818,-0.7883076262442933,0
-0.5327254982169035,0.3243402100148682,-1.1866524449134177,-0.9232113607303134,-0.34128275118785867,0
-0.1581538443723203,1.0126374096440718,0.6840434676558707,0.6286390316722434,-1.2209548447265137,0
-0.3004659487207037,-0.07938842440570287,-1.9631176598616733,-2.7595081395089274,-0.7672032465287062,0
-0.9379255765363989,0.33855287628591424,-0.21761483328830478,1.3986769377239359,-1.1948988317765192,0
-0.8852486861242225,0.31635832153614474,0.7075602392337978,0.630386574499878,-0.7782389869138914,1
-0.06100397185538362,0.32297450361766855,-1.95715599319408,0.32687500073883724,-0.6683464963487606,0
-2.4878086565350794,1.4185313451480366,0.1741649057132113,0.5870369333869534,-1.1469406974086291,0
0.2113965674706589,-1.2719190011127228,0.8736085762125372,0.06840287995404115,-0.26172431400010443,1
0.32910677871012955,-0.5859276733177553,2.0567688741193733,1.5120486739302,-0.3008602754125571,1
-2.2168188393540644,1.2795186697601588,-1.7731158157037434,0.7111314980399737,-0.73352854535618,0
-0.5706404302001128,0.7918593103880676,-0.8603332644446613,-0.7163566465892195,-1.3526169936886832,0
-1.257868155908888,1.1927351654164147,-0.3022703091086293,1.3199066546003595,-1.150834923568278,0
-0.39352985596972884,-1.1195461283831687,-0.6366277266446133,0.24515260050980014,-0.8171080521423296,0
-0.07823065905851781,1.4532754760425446,0.01812473167615214,0.7278006030767965,-1.239604019949104,0
0.2513166482381024,0.8614365256328049,-1.3478064889780217,-1.4258652465098296,-0.872816727622809,0
0.3639706308527381,-0.0681234251679531,-1.3718040502768352,-0.19790717259676294,0.09748647693806367,0
-0.81240234893742,0.678946987762233,0.24440331801807158,3.025511404907888,-1.979986211135612,0
-1.060605066396601,0.05225849049748321,-1.4987001070032335,0.9798324717846414,-0.8882126395758372,0
-0.5849076534177698,-0.8463597198869729,0.008904054092213842,0.7084111086649134,-1.3722524321935805,0
2.067906338163552,-0.19793772898468187,-2.6613479854445288,-0.3108477030939629,-0.19246206883593886,0
-0.2310694774576803,0.41055008532761655,-1.7876383754607237,-2.393971298828933,-0.5903204917894784,0
0.39330705000532395,-0.10434279298689202,-1.046675222885011,-1.0920096829375268,-0.7773752109347538,0
-0.20661127969604665,-0.9627325652846123,-1.1446519981771692,0.15499132693815332,-0.7174522215208436,0
-1.745707432859652,0.04435879751560705,-1.226132440328914,-1.5798923261640416,-0.7967963635393114,0
0.3379575282321183,-0.05592044852221312,-0.8666557262304035,-0.5185583198123258,-0.8955569250427464,0
0.11179915820338826,0.7228268949855121,-2.5973883499376997,-2.3973643228502453,0.06872866759028562,0
0.8393491142316022,1.3931812579349059,-1.8921719014570695,-2.966659417773955,-0.8490899609806286,0
-0.3409078773460798,-0.5193963718261266,-0.5746363414440465,1.4033218986606517,-1.233213166126983,0
-0.8767737812118448,1.2208212988130478,-1.4893206281352036,0.48372871232415904,-0.7874857507606684,0
-0.16036008104483013,-0.04902934083803654,-0.7851956264300111,0.14424566003152528,-0.74789328582644,0
0.4751677464953816,1.1038773433162576,-3.1975980744168497,-0.18984380177832327,-0.1629980793908522,0
0.13906039865341766,0.861636124497944,-1.569966506924917,0.44349117803349647,-0.6445336367475303,0
0.16805980596682024,0.3216785413765001,1.729123122179854,2.246221874503423,-2.5260700883703153,1
1.945195074276933,-1.040193719815898,-0.12816643961557517,0.1956564743340583,-1.7062130205506216,0
-0.40439742318396127,2.271449745422796,-1.218709006512707,1.520738281234192,-1.1234304267806297,0
0.3090474430326539,-0.12334406404611045,2.2826035674470138,0.9426251923431166,4.619524488223686,1
-0.5779207768327106,0.42069963101847885,-1.2669912049495728,-1.2309155923506403,-0.7076416346977515,0
0.5309756619640905,1.1663705456692521,1.0015135203810237,-0.25812638033133983,0.3179906136134296,1
1.0538915522958832,-1.3944950688592617,-0.24321674209466781,-1.3173284071282083,-2.1122542239546576,0
-0.2376833169609843,0.008783654898147817,-0.2808666790807519,2.280862480665812,-0.9667086704899928,1
0.9458696436841456,1.2554036094598964,-1.382467379239255,-3.3285666309518085,-1.4402507163743676,0
-0.5509818035382495,-0.05310680169691065,0.2896313371900805,2.2975925095985934,-0.8864971500882284,0
0.6620518347584733,-1.5515122490589293,-2.352305791978882,-0.7829777963615959,1.1760526507585305,0
0.11314045705302281,-0.44594371386116016,0.5021066687548614,0.23704220429196665,-1.9369748097218291,0
-0.08371795984921201,1.191707497107065,-2.908959751055267,0.5107266044381424,-0.513371785116957,0
-1.234511998422396,2.2770864980533045,0.5967691716181407,0.9108561569848841,-0.08996894809212175,1
-1.1200474224698722,-1.6885051880685,1.2091339499206115,1.675533218700148,1.694612472466445,1
-0.6176416769336966,2.2816518365388427,-1.0139963532106997,2.1151816107215673,-1.354977768451978,0
0.47263034584340563,0.018016872044446585,0.018711095659278754,1.04994924462111,-1.0794995819426945,1
1.0581183250871502,0.6386601686431024,-1.2516624030824586,1.1017668541228072,-1.0341140806295346,0
0.18568858041873892,-0.45763324933761523,0.3668012204709272,-0.49968078531252325,-2.808173575834606,0
0.1488768039176911,0.53102609489421,1.1356919273901063,2.1759047771824847,2.202512402276152,1
0.019381237698025213,0.6455877121741934,1.4714657381243155,-0.6212441240711741,1.4353556997710886,1
-1.1716543473175618,0.018819049740598424,-2.0710391924459746,0.5154226859346848,-0.5613913976302897,0
-1.1952937635992447,-0.07744346072599365,-1.3796976890147699,1.1152192466402095,-0.9050897987477189,0
-2.837506441397379,1.146027575013415,-1.9114813206125922,-1.1587460773798821,-0.15479319474130637,0
-0.5505519317084877,0.46436986354657417,1.3580024518478315,0.9820057629986113,-0.23217141872701685,1
1.2718924219386565,1.0703651602299298,-1.3787862144609209,-0.7474439782690537,-0.9214019894638179,0
-0.47417817510396487,0.6324542166423008,0.8982601624209307,1.3953940712012187,0.9701803839011408,1
0.605606232631313,1.5091310134045506,-0.5923196770299459,-1.5887436834873059,-1.6927854411750283,0
0.5723903111756757,-1.2931415437586478,-1.2742022514017448,-0.19693726360626385,-0.47547578289175485,0
-0.40436199269002276,-0.6074722876203072,-1.5330960523190846,-0.14018129589474793,-0.1506201720751006,0
-1.1534924259847839,-0.49653173548196905,0.6048003252089948,1.5137123544409476,0.3879561077669015,1
0.5179947763914519,1.0071572005966691,-0.41836504638003535,0.15292810280716185,-1.055821253564871,0
-1.5457297866907331,0.9137716213855857,-1.912194267631385,1.1866432971297058,-0.9080062758420948,0
-0.8729610904537004,-0.21566763754763232,-0.6396776480143087,1.5696787603329034,-1.2102281758481856,0
-0.6113852473886279,-0.5806483025539507,-0.09953421030229448,1.3616597362814313,-3.503220698239111,1
0.9678260240252041,-0.6813802350695739,1.130970375143003,0.9004391601408807,0.9388667074854419,1
0.4164460381014525,-0.36146276669398564,-1.37559241815097,-0.31862192661673006,-0.5737939745915117,0
1.3035079319347591,-0.97536602727825,0.42753374314724957,2.4291789868633535,-3.591834718939711,1
0.47154238041820573,-1.7710685530880912,0.416242272499737,0.590968802611424,-1.2517892220509994,1
0.937915537510655,0.1847104747810833,-0.7211765927418937,1.7067598441066938,-1.2797370302721556,0
0.7574951493374855,-1.0501407396021456,0.057974661443361386,0.8991511249808369,-1.2324145003447429,0
-0.059415181272494094,0.9495945713644882,1.7220666037493846,0.795622880199784,0.3257432007971961,1
-0.15936223214590656,-0.45784838618248924,1.5429863464255558,1.248093761241328,-0.7960297397884463,1
-0.5294669635070083,-2.1782113197314303,0.7918475036791454,-0.5024449189944258,0.17068584344562077,1
1.1464408704007276,1.259233239786799,-1.298140160341676,-0.17416719122574098,-0.5473652081256672,0
0.49150564724678397,-0.17537845589869083,0.26316958138876223,0.5120104615622996,-1.5429715833528475,0
-0.29175863225853715,0.7595148874861078,-1.9480418122789218,-1.8943054100129721,-0.17198012806661922,0
1.2496189052966666,-0.8468509661253646,-1.0079311005284644,1.3202060642274587,-1.0610023754372775,0
1.494938227453236,-1.7312013034449254,-1.0787043881342622,0.8594553701686583,-0.9760011349754524,0
0.21930233720043607,-0.8963326585920618,-0.16393842824480787,-0.743147095955878,-1.8291851448241134,0
-0.5393050144632704,-1.5449373466767586,-1.3107476317098523,-2.4465250385229136,-1.0530631641751957,0
-0.5460417988167212,-1.7422216926352752,-1.7579171688469657,-1.5712439530976128,-0.24533285631915314,0
1.2302221756507876,0.3791531187261241,0.6628562137815842,0.9000035497494043,-1.4090019346585376,1
-0.2867942357382693,0.9976320769202445,-1.0098240274020092,-0.8188412542930716,-0.5069192479384891,0
-1.0147594931858521,2.0860470495371137,-0.31279350067535194,-0.15406436216820563,-0.8435525407039626,0
0.655403829850237,-0.5376457577798165,0.4282688070050038,0.3061737398363038,-2.191163674773749,0
0.8201581867554845,-1.1430193120737286,-0.8298878137192485,0.8163235798059465,-1.0253086246358512,0
0.43450264609130573,-0.3856726309778482,0.25134946157212523,3.3429582765318075,0.9468134268109498,1
-1.1260539609110505,-0.8568518651277994,-0.8611273591424528,-0.5343761561562936,-0.6348329035379563,0
-2.4263920705352087,1.2840957939481175,-1.7113215032961042,-1.148529199451378,-0.4740206333031428,0
-0.18385389315920966,-0.15830547800966377,1.1614276704065738,0.5288962889585359,0.7881732912753122,1
-1.3367254388759306,0.17528677893392386,0.31853070182105947,2.3667948674982426,-1.588980358724024,0
-1.1780408673763807,1.1834936668899279,-0.981344360533132,3.0997991205621114,-1.6792946631133479,0
-2.4932708203300775,0.5027448074908146,-0.9971742913232994,0.14828046951143814,-0.6983597787761864,0
-0.07722104522304557,-0.6073544332122114,-0.8437605227304462,0.3751541385525704,-0.8345696246590075,0
0.6986888135170435,-0.5898923177556078,-1.9224715737788562,-1.0869839374255472,0.25485711094757546,0
0.548319627554499,-0.08743532877718112,2.1653321104915806,1.6331379153574217,0.0398348852823478,1
0.9695690257529068,0.7899197221808523,0.41643024378734816,0.5754339680625843,-1.0560761322249181,1
1.0363028920724797,-0.7625192391465982,-0.22900334804576017,-0.07785301650257181,-1.709868062992703,0
0.8282296901846228,1.6087808557343735,1.0526397012746798,1.6785790320800518,-2.213084963037271,1
-1.3480471119401671,-0.37058276240078286,0.37457323161156664,0.7674168061288146,-0.9871776794190626,1
-0.8903178480198718,-1.8437935834807457,0.37603130663088746,0.9489115468865147,-2.1044634921804173,1
-0.4829098394605177,-1.443604262169765,-1.7727533114519756,0.11453418029735052,0.7108360928802411,0
-1.0513099116393445,-1.8316822472060261,-0.3221777537961156,1.171271645400016,-1.1732178541427336,0
-0.1416485860101269,0.6855897462984164,-0.18944363523543228,1.7976044920220244,-1.135049693513424,1
-1.3346106069102326,-0.7397711639729673,1.6264342058575614,0.3401229949334932,1.6271274374745706,1
-0.9478927172689863,1.897767016745977,-0.996326938846263,0.3026454395506404,-0.7924848778952097,0
-1.114046450161993,-0.8110008636288447,-1.5898586032637878,0.9534809484484398,-0.8937584744257291,0
0.544220352340347,1.2949855848169558,-2.3952894570372063,-1.3540595101411097,0.5926631115585765,1
-1.4331518145247122,-0.14994071907910939,0.5916266190733401,0.8579456026631592,-1.082533935202035,1
-0.552920837367302,0.6647027453331099,0.46756949721078744,-0.3261896271737539,1.1484177143206544,1
0.7214793237573432,-0.7353034606819523,-0.9080067945981153,1.456809548129801,-1.139014449586767,0
-1.029811848541845,-0.3187483152461331,1.3962427419753543,2.4071089842584183,2.125900228675426,1
0.570507208354516,2.184096733380456,0.07972480180581998,0.7085179817258298,-2.424795509611788,1
1.2189707897936632,-0.05658848889989584,0.2820564630372524,1.7337236434848293,-1.4073688305369585,0
2.30791625061611,3.2430929695947324,-1.8527711112569127,0.4171116645242309,-0.7308053910770997,0
1.6291663649009451,-0.965664803523208,0.39415030288300335,2.3665256008445166,-1.699288462946443,0
0.5533889830744267,-0.8451539584261589,0.9642917663400437,1.2394661523871684,-2.431836601421705,0
-2.1056469418403245,0.9778155496862003,-0.7571198877705917,1.4972950273418908,-1.1809051297351723,0
0.7565646749131401,-0.4611697320346189,-1.843415759251058,-0.2810506881029744,0.6763327036699422,0
-1.6313351104170732,0.6523061516102304,-1.013015933338529,0.39850838293922064,-0.21782581309756877,0
-0.5282970466629789,-0.20252422706482995,0.8706053201391685,0.5419173132204527,-0.3376720594210677,1
-0.1286594463520559,0.5773635251066616,-3.158008034341178,-0.7529543506389051,1.747761568494067,0
-0.9697437196346744,-0.9855396007209299,0.5061137530243649,-1.194346381264311,-3.2186536933846592,0
-0.6946003691631446,-0.45909031021899177,-0.044606481931012354,1.6128506204177788,-1.3501737500153799,0
0.2063617713254507,-1.0196953197088567,-0.7813529541973633,-2.3998058370335578,-2.004634957413902,0
1.7031726099180378,0.9955815140020298,-0.8622377385328976,-0.07164406323869943,-0.6069069701449092,0
1.0613709648731335,1.1008213984226052,-0.361007445839303,1.399681426055734,-1.2087117788831845,0
-0.2880388739220764,-0.6277339060845056,-0.4068533312165833,1.9360849292255482,-1.3016905709267805,0
0.7826298263165181,-2.3203155982304233,0.589429873779355,2.1990861563107047,0.9591925330976252,1
0.5825713188088052,0.6928575842374367,2.416229860877789,1.2965661610125538,0.05759783072760216,1
-1.4326712897396527,-0.6862791357550845,-1.9114723395147113,-2.48030516505821,-0.6266948659315522,0
-1.2845842656999693,-0.7170161491279362,-1.0545256751150196,1.411245891299696,-1.09081190475826,0
3.1129102010438414,0.7114105794654954,1.2018376654554919,1.4853404219268402,1.3125087861362548,1
-2.5322460852196853,0.4359753895000459,-0.5474624120310216,0.8434160660746333,-1.0072128108844904,0
-0.7613552698089406,-1.936752702502465,-2.9328152700970564,-2.9795770492965437,0.8946107822234108,0
0.6688401305462182,-1.2699985973938759,1.463970545937667,0.14791312548429736,1.1221585100684963,1
-2.390304367469438,-0.5969742867210739,0.5768802436542123,1.3430621135311895,-2.6969510328529234,1
1.6357978061358152,0.5648423586001226,1.440444757132194,1.1594381772337425,2.440108911260489,1
-0.022278979183713316,0.2773584619646759,1.092110026451731,1.044667497027964,-0.7727056724957748,1
0.28580328679473294,-1.194522939766035,-1.4941782458405808,-0.608536558859313,-0.14083989919395767,0
0.31852100479887446,-0.950910729687232,-0.3466847273446704,-0.6522659379038362,-1.5902501752325289,0
0.6460061871145515,0.9944473755089074,-1.4540765180524884,-2.0064340449641485,-0.6907026938408394,0
0.4182057558879721,0.4258436586298291,-2.0545268100754726,-0.07873968425950162,-0.5448714296285859,0
0.9189148546583293,1.0215153927818639,-1.1962012732372378,-0.3968783939559746,-0.3976220579370978,0
-0.01109200394860206,0.32208231076698546,1.0153382795079862,0.621414723736224,-0.5167509338453342,1
0.8199252526352341,0.5148835960763721,-2.1877175635965793,0.1902694197052075,1.058302118267505,0
-1.6312758154609455,-1.0385438208439723,-0.38798831466962114,0.5867484292240519,-0.9156920414941447,0
-0.6382827265284942,-0.8319549174944512,-1.6237436595696033,-0.5510143282694391,-0.3585900752144989,0
-0.4841184945848177,1.4069347458917507,-0.32299182286381345,-1.5707853639885438,-2.272506422986688,0
-2.6307301368290634,-1.5189108250900678,0.08157082856136788,-0.7189659924678521,-2.2162661263068477,0
-1.0766791274710137,1.2202828964177173,-2.885272605038266,-3.41275909499925,-0.13519618585902027,0
0.7662429750405095,-0.2188662517356257,-0.1267444971166516,-0.0751783964234517,-1.1983713659868975,0
0.3700611152689556,-0.33912227927003896,-1.969514310592852,1.341321231137266,-0.9079160805520102,0
0.6802203604766911,0.5914421517518549,-0.6011592913187642,-0.038835767718248926,-0.9586056446824868,0
0.0976703767483354,-0.856498237409199,0.31280624831016557,0.31564893912347003,-0.827766045006084,1
1.0743330047702437,-0.4877053729487446,-2.7238610619249517,-3.463241961670902,0.015700024316435135,0
1.466540859278603,0.6870657958589163,-2.2422047914645917,0.7299441240091582,-0.7606806318423692,0
-1.1410085097527383,0.6954024745502987,-0.6386335207588683,1.2720599723242119,-1.20121700344724,0
-0.712220763649051,-0.8810683366612923,-2.0856485267311955,0.6691494759718422,-0.6989274588260899,0
-0.6121669171548207,-0.4835614838465371,-0.8225622896995002,2.1277859912928485,-1.3246437943809748,0
-0.5237313027714218,-0.13213658890154725,-1.378048510996809,-2.1988072719177603,-1.336769406159918,0
-0.33286040438251097,0.31745326125017487,-1.4514779587544766,0.7803861650614762,-0.8746890102984259,0
1.00163182520856,-0.39305275706140097,0.2882916874740358,-0.3237700893158284,1.1010325878081346,1
0.4753656106920102,-0.8523867660741036,0.36537961401358254,2.7448206240057846,0.7243946066711349,1
-1.5821767633461272,-0.04737070254443595,-3.9505957101665934,-3.0504761660645565,1.8934690613473966,0
0.7719201548366751,-0.17280173739646437,-1.2132540752917662,0.3654278685638993,-0.7718740087153553,0
-0.8049664808525608,-0.1115088271429437,-0.9427905312009739,0.2371500827378341,-0.7477411013965528,0
-0.28509425704201397,1.6043391083085963,0.8705655030293425,1.5963572932346866,1.6259028692847197,1
-1.2742321190767951,0.732829081821745,1.7095870043048362,0.43022413368322154,2.1726048613772653,1
-0.5844552918504382,0.8089192693927194,-1.609485573443614,-1.2814501919345163,-0.4983011498477903,0
0.9294099847908157,-1.121243740094392,-0.062400498246127145,-1.2661953054664736,-2.574548157078889,0
0.1704637709965709,-0.34254920085776497,0.10461381683916704,0.49305039505447756,-1.0589812756980295,0
0.5136144642310962,-0.8927875154918841,-0.1565752981166426,0.5390770283983272,-2.62229599882603,1
2.042076040143744,0.10343812930810638,0.6079622494738542,0.2656982984520313,-0.4212109805586072,1
-1.37383482489866,-1.4720370730267915,1.404583935395682,1.254496887216847,1.8716896425317724,1
-0.7119732272589228,0.9863765059059371,-1.05263080995408,-0.6702483127625585,-1.0117904422603918,0
1.1727568452674448,-0.9046143749937661,-0.6470240214384384,0.876527962730904,-0.9934284688325037,0
-0.1373109657888796,-0.6076463453734726,-1.4767957418291724,-0.911556176897442,-0.1409764435709655,0
0.014149264965758293,1.4521176991825604,0.7601226156851537,0.3842790841227255,-2.779412720761586,0
0.1353383478922909,-1.0921212003485672,-2.763998116797638,-2.336727948822344,0.5560880571867248,0
0.1812511626020504,-0.7380570836613916,-0.3589869117001169,0.30200206631175397,-1.659567047823653,0
2.154928677383142,0.7034401331388942,-0.902702346495569,-1.8019609468498046,-1.4940330668129158,0
0.7319555025098458,-0.6300249795338944,0.4964704923327832,0.3465495333984969,-2.7553079865327206,0
0.18641616974404632,1.1168337755299542,0.57907254450561,0.881316255790948,-0.5855235119132689,1
0.7391804947015679,-2.0503574572842003,0.7646140950814801,2.4153987156626373,1.7585822233655573,0
0.3614173172731029,-0.7296024698074095,-1.839365699736312,0.10381582084869168,-0.6308865157672149,0
0.66536893503283,-1.0370660735699961,-2.4384710802192213,-2.882420359019049,-0.2402365934093157,0
-1.4452052644122255,-0.9928660010855455,-1.6458695393345253,-1.2989931290618975,-0.47449730643852694,0
-2.839078659485427,-1.1511537365528692,0.34590959541302035,0.17466575093972037,-0.3353249794389467,1
-0.6028206557839616,-0.099094300241269,-0.13679059304638364,1.9058968756561483,-1.477035342478596,0
-0.16212397547985843,-2.1961278210999464,1.012713742415938,1.1823348206491453,-1.403881566236678,1
-0.22153659758373817,-0.7493576894227776,-1.0497844658580264,0.503220788636604,-0.29113662477737223,0
-0.2084682105404079,-1.4840566649243352,-0.4112868687107194,-0.8271043149132075,-1.7077458538316366,0
-0.3365525898781734,0.15449366559525113,0.5081823909225549,0.08060013104129138,-2.7600723085785703,0
0.2078025073533134,0.8407344821295493,-1.6458362372472801,-0.911095596538668,-0.19900091407269827,0
-0.6506598273683838,0.7309589763762162,0.9540926137314771,1.3048347798610702,1.3514633106829808,1
-0.08104596472174376,1.5287478505409084,0.9428187190555481,0.43988958643145293,0.059317856280915904,1
0.23286808742689824,-1.2445425000847228,0.7507714347522623,1.7131393613289925,1.406922368791622,1
-2.2183477600510813,-0.35084943007647457,-1.6438275210635585,-0.5564657109894291,0.09733470970492064,0
-1.0158788269899783,-0.9933586995819507,0.498296012274412,1.860844699144181,-3.7823950304458074,1
-0.5117635579423034,0.07660907045165961,1.6632033005839222,2.238442451314118,3.1207392418637605,1
0.23184209213484805,-0.20035257779416388,-1.3483673729149035,-0.554352417492084,-0.3112701299919127,0
-0.218653277435036,-0.4545477187434442,0.6258006070416566,-0.3509227441246654,-0.8662834645469855,0
-0.5152183938082429,-1.0105982199289136,0.4796375467704943,2.403670943608943,-1.7889395275004292,0
-0.3428788615575641,1.813407698515423,-1.5858115203135439,-1.5336018998738254,-0.6083457982078813,0
-1.2284438312657626,-1.8311448783383502,0.6604008410281199,-0.415960055185403,0.4275159857564632,1
-1.079842447781487,-0.45965677227299695,0.21395403538559088,-1.0695678359150418,-2.5861604547625774,0
-0.18150316213566714,-0.9951484818533795,0.6971329033531773,1.6283326396816094,-3.0747024889926116,1
1.628468554772322,-0.964705425750715,-1.5585686786626298,1.344895252007818,-1.0492761058802778,0
-0.9748065759228419,0.015182942540433121,0.27171667503770625,1.3079016780893191,-0.978382941072532,1
-0.8342818100346248,0.5152943216244674,1.409698032613914,0.5367312821332888,0.13678597149880845,1
1.105833066294713,0.6927690318488607,-2.071967638409155,-1.4486762200419938,0.045735506002346105,0
-0.325611052148504,0.00788018469472816,0.70467210904963,0.46723474250090513,0.051406994722809296,1
-0.8281962729652346,0.8580141953021454,-2.39312765199673,1.4556774520385076,-0.9108514138046584,0
0.07715649621771674,0.4283166923752375,-2.592230866225452,0.24080683799392266,-0.607656166457827,0
-1.4741321320421057,1.4288577078135674,1.6898298958386144,0.503624505172471,0.7919264652203897,1
0.22327083592026087,-0.6724855960063362,-2.3785040539484936,-3.0344393745722265,-0.019313728819884912,0
-0.22272070077660705,0.9331280723410693,-1.0719463819702013,0.1427924922404582,-0.7190294183321287,0
-0.5639474880582432,1.105900424357309,0.06424517480644654,1.758092516304997,-1.396288122714464,0
0.5711794062192087,-3.007632339693757,-0.2970056536555177,0.11815138165898276,-1.4699283683805107,0
-1.422974925261673,1.036087651046256,0.14020765157266268,0.7623679033664622,-1.9107989937856757,1
0.696167997159289,-0.48083378951197936,0.8428531158989375,1.293970199260744,-2.1008510295174156,1
0.01934407081175429,1.592669998282884,1.2222209490231175,1.0860759024150277,-2.9595264587136594,0
0.4935602043342916,-0.059826143529903696,-0.2626797055858666,1.0010065132045742,-0.8879024849137824,0
0.8232799156777053,-0.8130143722601298,0.5622960396861405,0.9783466712729615,-1.6318206773399226,1
-0.7280770978553212,-0.3600392687569827,0.2527659592195064,2.0034095172994584,-1.5669556855597397,0
-0.12402138738999703,-0.5694497744921104,1.0095510084620518,1.3774083700693278,1.4984220136444324,1
0.000682818957482628,2.049812095785926,-1.7958604317913034,1.5017919397286104,-1.103109636776538,0
-1.5958939685741136,-0.2627467476865041,0.6087637637143138,1.4387855856765928,0.9287210761388822,1
0.5507975722736633,0.40805284683675586,-0.011722010905850233,1.2786601324536067,-1.2069009394127748,0
-2.3161438629688766,-1.1996975283653082,-1.7066925454636475,0.49341196465229387,-0.7354616393940604,0
0.15697296096843422,0.6102161695892225,-0.663648658363934,0.8554917493825793,-0.9854510599082793,0
0.05119790188108534,0.04522270899998256,-0.08263016740155005,0.5080676715180338,-0.9101777554038026,0
0.8920675997317206,-1.8418977729578574,0.47584818126906603,0.028187097833157537,-2.539618991800052,0
0.07569494000509344,-0.8063769291180498,0.7806127330003104,0.7888676374280419,1.1366161084452058,1
0.06936980265806943,-0.22104246353705057,1.177459397119478,-0.566647337129476,0.4726074974153054,1
-0.24066517453021302,0.25719897035592737,0.43842082263940996,0.9138994506821302,-1.4200266508921877,1
-0.1449045790814313,-1.5375847964491753,-1.3112016644191704,0.05427010092897033,-0.04083057208042895,0
1.719040612841821,-1.0701915628943317,-1.565977665344107,-0.1855990128141266,-0.07252349755287824,0
1.4510014381313359,0.3308513046155777,0.9758112306619395,0.5996501423664538,-1.281536859275649,0
0.4809080927488954,1.1818910929599615,1.0361559791656452,2.073482742202366,-2.7194428574160225,1
0.19484234027013805,0.46027162498230384,-0.5033803371980301,-0.7536986814107687,-1.3174527191673207,0
0.45780560992578506,-0.1237326800997567,0.07954668421267086,0.40340213424485294,-1.1096492747839761,0
-0.37630072492499606,1.088769654216672,-0.1753862437297693,0.183798996077691,-0.8020099745791215,0
-0.14896930976729691,-1.365824155415439,-0.9017246864180154,0.780959959488987,-0.8927597372356199,0
-0.23950192202174977,-0.09294420661358828,0.5753410114383846,-0.0007016223014411072,0.09268916213705714,1
0.008556080824349832,0.27658150559104877,-0.9323775348457708,-1.1828218081855488,-1.3162628355417332,0
0.25147360894051224,0.388978729352184,-1.1839381360430785,2.775508679452977,-1.5387859341791863,0
0.3440539215634665,-0.4174303819894322,0.07774682527380583,-0.7086392178230079,-2.5913088409976517,0
-0.7282722024066131,0.5059655534558652,0.03203705131171675,1.3232828620225887,-1.2848320192926652,0
0.24312345851289308,-0.06263957732723487,-1.124638443132016,-1.2795254334448694,-1.3035727687056236,0
-0.21345677935043805,-0.3270173176097708,-1.667700255103103,0.6038930210141209,-0.7528281889976738,0
0.8394685045184047,0.5333592447054494,0.42973171498268625,2.283645218233819,-1.727112831474913,0
1.3462257562027482,0.46654531145012695,-1.3907163503518158,1.3694812383726949,-0.99592417283148,0
-2.230468019124459,-1.7811584144656334,-2.063973001758184,-2.242659131337946,-0.2840265056259248,0
0.5779785236395572,0.6662696720435232,-1.3179189715866082,-1.6853823692920389,-0.6593705667993599,0
-0.9823035803773149,-0.05390484900573917,-1.7593886913348178,1.8545450050141552,-1.1945650500207203,0
-0.7925234471152126,-0.9846547848472624,-1.7655766164326174,-0.44229043465629103,0.16557418587760497,0
-1.9080021371233076,-0.7999405067019342,2.542134368418097,1.3059328186659604,0.37855038847272926,1
-0.5014021468856367,-1.466785190615677,-1.2054052935611674,1.8775463388635738,-1.250566753022314,0
-1.2549226680022925,1.0074439731951985,-0.15086661728938977,0.7050480165017294,-1.0956788631973133,0
0.2927154821418534,-1.2883076174635377,0.36415327605858616,0.017832371180970474,-0.8506204664830513,0
0.356972759266926,0.4096361186839935,-0.5972408245921523,-0.6617741521999647,-1.2057748443973397,0
1.5944423917491968,2.095843501809159,0.2635932688101994,0.7222573828256604,-1.081044115398407,0
-2.049941278577478,0.714609790636618,-0.979633710573885,1.9748965069476534,-1.2782191298956973,0
-0.6328802748847919,-0.9916966634403105,-0.16927020283311078,-1.1003618934980768,-2.224786655694567,0
-0.14152575336694828,0.13069002446438233,1.317174108126542,-0.2668020963018527,1.5395713093271213,1
-0.1502429887982594,0.0731969910016942,-1.1611536335709445,2.1780707720942174,-1.3953261909328758,0
0.5032520647495048,-1.6610834155671725,-3.02300468149288,-3.778977763750092,0.1491316296710432,0
-1.5978721344948377,-1.307369782230964,-1.398947260085467,-2.6091716722757545,-0.9661975102827548,0
0.8723153800284503,1.0294574815983573,-1.2649417471225426,0.533240205198712,-0.8625189226908976,0
0.41299891213779755,-1.58358838978758,-0.06277085595157983,-1.0509663680645822,-2.079825220538797,0
-0.18256897437954112,-0.49693202511797824,-0.6376797888759067,1.2195363771460717,-1.1431609401992209,0
-0.39987823866837147,-0.2656045602861052,1.6791972353951459,-0.013641498807191788,1.9194875274172518,1
0.7219034854381412,-0.6654222981294604,0.9445336090864092,1.723897318533383,1.0749337539801236,1
-0.4629395120252583,1.090861670603698,1.0903100989640593,0.16921707863863233,1.509294590915705,1
1.0578141808207961,-1.1869933883057449,-1.0197103882173082,-0.7134631538244525,-0.7498603949848086,0
1.849362141386381,1.188596823087008,-0.9010001449424337,-0.7630059673671099,-1.0347436397963052,0
0.12626773623406817,-1.055089368176695,-1.1174647231567207,-1.1361251853044012,-0.8268671791675786,0
-0.09791524644290406,0.5222506360177785,-0.2128831187577207,1.2379033018319878,-1.241804677843671,0
-0.8966422273152082,-0.11066536855732945,-0.7273928930237707,1.1763171254656406,-1.126170911783818,0
0.5199021395287525,-1.373402888969749,-0.476700823368879,-0.6273316419847623,-1.3726718310504764,0
0.7441857103150346,-0.23596998721097162,-1.5502842898522338,-0.23499852851919156,-0.5116534208378827,0
0.7211353625455816,0.8814075289235711,-0.9718470066008701,0.1502274769112527,-0.7170315550561763,0
0.9005330773315916,-0.5955349351838592,-1.4332319381165874,-1.3975311313433587,-0.6660313540185814,0
0.09297924652940966,-1.911316891662504,1.62321128409613,-1.255831818492394,1.662261040458389,1
0.4798270353668327,0.012828643543685113,-0.27627832708020406,0.32242583243441514,-1.2638455402406596,0
-1.0506233218278012,0.9235086160473687,1.0965476944309196,1.1693944790119903,1.3369299874562572,1
-0.3780078990182172,-0.8783230771797389,0.11130110854565656,0.8665032227105167,-1.203031867878999,0
0.032407013340136216,-0.5256309339853844,-0.7919084927388207,-1.3418717614500302,-1.2940411661722067,0
-0.2243189708781048,1.3111674978026244,-1.5198688215943377,-3.1408882543632095,-1.5311694047585327,0
1.7025146581296056,-1.2693304965466992,-1.8379962461644266,0.08887911661828307,-0.5374073913849456,0
-0.5012341077902127,0.4473939370689756,2.3149315712551326,-1.6054839409200956,2.9110004405048873,1
-1.3892987302109905,0.3268554006104374,0.3929415727417086,3.450294983358338,1.4093376879056678,1
1.0269862633197322,0.2125740306322149,-2.588236607468902,0.7625617821222722,-0.5732572418181131,0
-1.9955317804517385,0.2908970575900059,0.5832940087256187,1.0708245735258135,-2.03772302270115,0
-1.0240285908863795,-1.6826586941226858,-1.5917262033208437,1.1409898474703697,-0.9030558043498806,0
-1.2640061679473638,-0.15011695125380659,0.7572024123281936,1.6970231404050704,0.5281587726632975,1
-0.7079109406740752,-1.3954485047550718,1.678397631641892,0.5887427615018943,1.9916689357887436,1
0.3131321400131553,1.3764964500195378,-1.1080539458652339,2.3502502280497692,-1.4782006701310115,0
-0.4402592043864004,-1.0319662838471795,2.00119546283815,-2.2067119994724673,1.439880384137287,1
1.1954806508254787,0.2766007655111806,-0.32389772600644917,0.24853215174814935,-1.408058564730445,0
-0.4151002889633696,0.9324348709546673,-2.3918388302546205,-1.157083864144863,0.6631031462359616,0
0.8936976893891109,-1.1967886464263116,-1.3462749832381498,0.1268793967486328,-0.6492390080230142,0
-1.2390527025266425,-0.10343122429028392,-1.4760840636483685,0.6674641770557428,-0.7014768549395722,0
0.35947579754712566,-0.4787585715216887,-0.74116934746807,-1.3461922700096824,-1.6767833215711787,0
0.3116528560047783,0.38130961226478466,-1.1744287531520388,-1.9235233635670497,-1.4635016596102701,0
-0.6342858476894031,0.5964411375817527,-1.2866625580377558,0.5274366245257189,-0.811721156106507,0
0.15805348992013185,-0.3899237065594453,0.04038952725910727,1.6291607843391773,-1.3866791040058946,0
2.5490097087177226,-2.6248170563741122,1.371631352456885,0.4780660094545278,2.077689786789655,1
-0.08606969279089306,-2.0755880090785332,0.8612765355416201,0.4206406417038774,-0.48591289304216767,1
1.0071333364731596,-0.9733788380270346,-0.8291118995507039,1.1501159103157765,-1.113823552022218,0
0.29724427338012405,0.18932830729237413,-1.4451183267840726,-0.343154183251839,-0.07968120486405073,0
0.047493468251642953,-2.0362205028559366,-0.3472317547134016,-0.8717470414077104,-2.054231298838764,0
-0.9425580057918765,1.6690695258263315,0.9276619911833848,1.724882322957362,-2.520313253409072,1
-0.037893081716830875,0.08127842205619876,-2.066587961859063,0.5156362970385713,1.050432673866756,0
-0.07566560432583026,-0.07397286359437803,-1.1039623943425363,-0.12004208191737664,-0.6460385294916279,0
-0.19819567637971988,-0.1908722195531798,0.5268692030732209,-6.685487037505489e-05,-2.486194382576696,0
0.8861911885847956,1.3510728924131392,-1.5231057236607053,-2.1543613494451312,-0.7263699606026438,0
-2.914255989816941,-0.6792306531929551,-1.1509362865137254,-0.9061343048635383,-0.639047951955597,0
-1.5271678565896476,1.2066081548639151,-0.9956449263903043,-0.9192430587236745,-0.8767625071428788,0
-0.3726755839519746,1.6296421311127987,-1.4478203821327589,-2.872186250317415,-1.4526933015164207,0
0.23855495377373903,-0.4485428365278611,0.45265019671820916,0.7597162510815005,-0.4937216645486353,1
0.0340080962281468,-0.7908817916945654,-0.1699062964320286,1.121504891448828,-1.6371387117094827,1
-1.1171864617070026,-1.9670697035871527,-1.7353812670258022,-1.7138509731840488,0.05708869605482292,0
0.2869558543017087,-1.270061088712032,-0.4087545426683211,2.095053321844011,-1.5165800005477035,0
-0.3033500674771342,0.21668311896428621,-0.018571751590200525,-1.1842974333734049,-2.4786583385500514,0
1.3252760904370375,-0.5182526388612024,1.3912086743655512,-0.04174102346899655,1.3099238231347237,1
-0.7097889922335351,-0.6143231440962944,1.7707750365796429,1.8741277598564157,-1.6748134936664374,1
-1.5431182279428701,0.02521086754008211,-0.5045165537203039,-2.292976569151125,-2.1074405833234375,0
1.7987250183513115,-0.88075408960273,0.4702279320911764,-0.4753866281711603,-2.737564768232902,0
0.08669769941439659,0.34756161380355205,1.1871893121147394,0.38709670280672326,-0.08336217167099613,1
-1.1738799644089726,-0.581782033392054,0.08076137965980679,1.0124384491999554,-1.2937936816295474,0
-0.8978300664256297,0.34834173924612705,0.44527728412277456,0.21974396607168,-1.9861981131490953,0
0.36016418394576694,-1.0056013756894657,-0.318378326093286,-0.8027817996381107,-1.9217259690988047,0
1.3522026788671444,-0.524567013767051,-0.37596739516436994,2.058093471204001,-1.501908069226574,0
-1.9685042134380537,0.03471374875256186,2.461778440424094,0.0008679248430578657,2.4394578749360325,1
1.0697714549838502,0.4968735905075971,-1.6055898032801208,1.709026944373489,-1.2147012590153674,0
-0.0003136726117747121,1.7611881248673737,0.25061433973558844,2.4859282866055548,-1.724511925505139,0
-0.28321803894523256,1.481960768436536,-2.8531895694836322,-1.532126092806732,0.951851734120049,0
0.09988695440921298,-0.8782632528234666,-0.8325414289938458,-1.3921898610231676,-1.9134916133635143,0
1.2292147842970504,0.1786947168104756,-1.924255832074205,1.5976208884323313,-0.9375273698219776,0
0.8301918118626102,-0.772659445270824,-1.6057889063402397,0.035050220017894596,-0.5597255829417515,0
1.6773770878054892,0.8567024802425557,-2.7564661109471933,-2.6798324302918273,0.15929194917586287,0
-0.4030759890650308,-0.6749340187905523,-1.739825606804763,0.18359999569039487,-0.4734512291070031,0
-1.8579014513982872,0.22899639245934025,-0.8728491098757536,3.0585834606396993,-1.7301135901561566,0
-0.3220281544920584,1.6147787907098514,0.9587543760783113,0.3855119216594176,-0.2348122564909988,1
0.5030903686237468,-0.05152292852464606,1.6491357898279646,0.01085739036624045,1.5195948234657883,1
-0.03757064497948127,-0.08923415422144892,-2.466607335399438,0.20709512236911753,-0.41367150144657716,0
0.3883120054234496,0.06008599461516361,1.1531330867408993,1.159919390108012,-2.0339295430142927,1
-0.24852861807444937,0.23402445435314795,-1.9065150692257287,0.9304653438436487,-0.8438610634345459,0
0.7640297815728595,-0.8343230454915821,-1.1536602941165461,0.8315723112836524,-1.0012939650273218,0
1.040061819902576,1.7481370691208353,0.9022023266912618,2.4511118903866893,1.6146034195294778,1
1.4967104074459814,0.48074457976798396,-0.9153108505757186,-0.8895484206360109,-1.007523201025104,0
0.8764556455029355,-2.1523835446091804,-1.6825398230009379,2.148129148488297,-1.3528814989379843,0
0.21273977585766032,0.25866114785538813,-1.597862029776989,1.9050892876038752,-1.2115746010874344,0
1.6562082520572956,-0.7352010347632466,-2.004528355384834,-2.1511486586767825,-0.27580521185662465,0
-0.14720527868559727,0.2867741123825862,1.0508233159737896,1.0292005552939643,1.216704784323886,1
-0.7524352373530351,-1.0022170189267248,-1.0551862816147417,0.8616968771277991,-1.0392961846155329,0
0.1435879365051602,-1.9511018640386248,-2.407374161936458,0.17534959484628654,-0.4805679826923097,0
-1.479444223139724,2.303638752104789,-1.6033320803235922,0.38975036686844844,-0.713136767763168,0
1.9532591375265682,-0.7090209576304904,-1.0238386919430633,1.650775948472461,-1.1431696722445663,0
0.5904220612514635,0.7313802525749924,-0.9447456825303951,0.6185764586330361,-0.8925530322620789,0
1.7262265456356325,-0.4536363875916828,-0.252305076398889,-0.9489845175765974,-1.7784199142730714,0
-0.21713107494620248,0.990166238959289,-0.5050802733713968,-0.37873742348240025,-1.1884376037521998,0
-2.1272274203514954,0.8467707752164937,0.3984285419624598,1.6454146355260373,-1.4962822494371866,0
-1.5993947621943112,-0.18592448094877073,0.8866233812149786,1.732016412528294,0.41891089285946737,1
-2.6031370878272986,-0.3021805869826214,-2.22327373842229,-0.8553748502412863,-0.11661268502960487,0
-0.47126374070251964,-1.6891830379672617,1.009593228736006,0.0233286880000112,0.47526245399171785,1
0.1979166673420755,-0.6668487169515637,0.16740864980711478,-0.4996798112535734,-1.7006687675198862,0
0.6333268260712385,-0.48827384245154465,1.5731037764077729,1.4521402794781846,-0.8171517729595328,1
-0.014098965906671578,-0.8456731044941129,1.3516792112735736,0.1282337272227364,1.2823083232044619,1
1.0587285298838789,-1.6685992588781953,-1.2287896620511602,1.436409801568597,-1.1831195665683232,0
0.5925672738473307,-1.3668583632808264,0.5250418809847943,-0.003335804415672605,0.02339180732249746,1
0.5852994365163381,0.1458364702153839,-0.3128348431263911,0.029185889805466436,-1.5561355489331157,0
-0.16063111952549436,-1.5428032182428997,0.5458148196935766,0.2273825665058773,-2.652858344823967,0
0.26561699317253346,0.690472686121513,-0.1882928291141982,0.015903399059508327,-1.3592851712569372,0
-2.0858978777333372,-1.0084487325473497,0.6056939109608074,0.5022381478378142,0.23518823158537316,1
1.119244917564096,-0.9394632419859826,0.9751723631380772,0.7095107586019449,0.6267816989933206,1
1.2531328247682434,0.240205843946223,0.502293848201576,2.4017492561103073,0.4860977601230335,1
0.017613251933657315,0.2257615231117544,2.1083545396278547,0.5952119849907472,1.3326000907131155,1
-0.9040682897360006,0.1961314590239074,-0.8422225898860856,0.34564995047543623,-0.683296648214245,0
0.8946471875738723,1.1947628618769377,-0.3627258861691891,0.5241867858679891,-0.9981985060023558,0
2.5115565515844236,0.3467099776049199,-0.7489443485439249,1.3854117265999006,-1.199786519933601,0
0.2915636766819725,0.27908385834518495,1.246780838738643,-0.18269846329345674,0.9778916103680614,1
-0.3150867311941086,0.8721970000729778,-0.35905642398717763,2.052724844939843,-1.364900126565335,0
-0.7893385057196743,-0.4519493719118777,1.2434612167024568,1.4681453616224998,-1.4593113016562702,1
-0.1702582467959055,-2.0903028988531567,1.5891359412616604,0.8161001060676092,2.556893171998597,1
-0.9355962987624259,-0.589112132781127,-1.7527659337100836,0.14536630692095742,0.5886378352175394,0
0.3842020720058965,0.6719446078144975,0.2770568400699869,0.09143960422845199,-1.2701228049558777,1
-0.06312301311124825,-0.4166253056154625,-0.23337307274828978,-0.19934112736379006,-1.5973183590197713,0
0.3326075103241977,-0.5717460419560616,0.6572205403502023,0.7768223023348646,-1.230590722048249,0
-0.4482246163001495,1.252842634427484,0.10520180953943836,0.6220223345300806,-1.026322966950644,1
-1.017764309076953,-0.3918767653868664,1.045585612871235,-0.9530177839089371,0.8443503831948156,1
1.063940987560856,-1.7760117540484022,-0.34812825787907065,0.4293760848754783,-0.9030192489144411,0
1.292745289518207,1.3511140899867151,0.8161106788278275,0.3677025194032161,0.4751785718869257,1
0.32159321133923857,-1.514470309180767,-0.3635238774429631,1.8092322005386592,-1.4182310442199235,0
-1.6873443471107104,-1.153332403205745,-0.7162345519102826,1.9385354438647413,-1.4220483908983768,0
0.9134737320174066,-0.41222074502447015,1.5663976587841484,1.3186913227606882,-0.5437382227714519,1
-0.9455068799427312,1.676393027208203,-2.8167399234553248,0.624550114243623,-0.5214424103148299,0
-1.4055630538562867,0.02263085267686914,-0.14757869968856174,0.46646339309640006,-1.7580937572427566,1
1.1785126897984228,-0.005560293648070566,-2.460873876416128,-1.8049142582088744,0.5737643334694091,0
0.12307820165618115,0.6405429350747734,-0.6035040886641265,1.1738721915683532,-1.214505977113189,0
-0.13699548944245826,0.6789312900592783,1.0960393311796417,2.1426492688743473,-1.8047771882859265,0
0.5212799050138145,-0.7146806769904318,2.404336628767472,0.2841019380382881,2.621153395532631,1
-0.7284616216803428,-0.37185788227866556,1.4303095834316664,0.9092374013228518,-0.18020335133291887,1
-0.30561911106831274,-0.3883469383011582,-1.2198902010609065,-0.5102627294627136,-0.15050651904605805,0
-1.1941894010922893,-2.169677417725702,-0.4344534630548832,-0.31199895845832215,-1.307852897918825,0
1.1918993344135727,-0.7393714074590362,0.698516604736784,1.4512892091572558,-2.0287626793646827,1
2.052972024501663,-2.929448690002268,-2.1349289697303178,0.26908549326530284,-0.5875237304805121,0
-0.8443240371830714,0.3503702163863384,-1.1611747760856255,0.07221612564121727,-0.3599889169478626,0
0.09781329309330739,-0.8682609615983323,1.7120838202045574,1.6400871046469163,3.4599181540710044,1
2.042177910534731,-2.1047495057190146,1.7252881904361606,0.2336878204508498,2.2288284863878296,1
0.11137260184005242,0.03402741107223205,-0.5290415350517872,1.2768302298820622,-1.1840182504831651,0
1.8296202017160872,0.8929538701087693,0.24901369510749571,-0.08384988475802291,-0.9032520282229397,0
-0.25276325509618536,-1.183056184734389,1.1045589923008643,2.808332049983663,1.8991254681768568,1
-0.41361566562964275,-0.38769991640856116,-0.7986336919896264,0.46502715229157054,-1.0220270171360228,0
0.35147990035220167,-1.372859451481064,-2.7784699905129178,-0.44651919268166074,-0.25235489823314994,0
1.0743180127155618,0.22907468820570262,-1.201581211674216,1.746427676974387,-1.2340452575013352,0
-0.803948414727481,0.6594512411136115,0.9545996974881975,-0.026791547081841616,0.2628739685635838,1
0.3485951198609804,-0.8792827824119881,-1.3258586766727933,-1.3777874766237668,-0.4524559390581725,0
-0.912810919296513,-0.17791787580439816,-1.174395571069018,-1.8691175170571137,-1.3220284289473705,0
-1.2992163634458243,-0.1131280525157404,-2.3273734065230967,1.2231974608096658,-0.8003365667967894,0
-0.626315276183007,0.11053531747394013,0.20761045959085034,-0.06520137632185097,-2.3923839071181003,0
-1.0398065310268843,-0.4547947173776929,-0.5828209732140457,0.5422181872879419,-0.8658228402233723,0
-1.8831502080585838,0.7127120288613313,-0.7000518919117881,1.5185353151456011,-1.1578919577038187,0
0.7760279138434754,-1.317131919946585,-0.3173554082596618,3.06820808619362,-1.993322388622044,0
1.2725701629285695,0.5101574689151834,-1.1299327256109113,-2.3752084839914476,-1.628740481645678,0
0.4486357645145273,1.4621959387176369,-0.07673257353988616,-0.22869214472001909,-1.5488157776480005,0
-1.1863364271098544,0.868772500590771,1.063074839968508,-1.2340477296903862,-0.3457139272748193,1
1.197246923645228,0.42548993324023027,-1.607309309105049,0.20708400823803585,-0.5587633109509094,0
-1.0773760769847582,0.8794170411374032,-1.2200311403178834,2.0009817069577145,-1.3136578835710133,0
-0.4194347526585506,1.4273053642892164,1.4108068973869916,1.1419590313416177,1.6491654916465615,1
1.503419828428999,-1.5614932224418594,-0.044132548472573974,0.03411399716300656,-0.9519849303310195,0
2.0979393391324312,-0.5966290586117302,-0.9312411647043898,-0.8116718416042792,-0.8198904350917992,0
-0.32669621318636405,-0.15032046027187207,-0.01742363617551601,0.18491683642502565,-0.8745269839020935,1
-0.3732682459413141,-1.027403551526011,0.07979150053305684,1.7822293234370503,-0.719546958122331,1
0.3631156277445234,-0.6082265074447593,1.8927648624213322,0.8583928426974996,-0.19816375984124246,1
-1.1327849512677453,-0.9005903525360619,-1.237058961517879,-1.6639438553063965,-0.9556471635953978,0
-0.8744356483399182,1.3204140097838342,0.834289589847798,3.315967755019154,1.6279032675903229,1
0.2965769385303051,1.149672018878747,-0.956684954876547,-0.43914876432617855,-0.9518885927732685,0
0.9427885141400756,1.0800560591393102,-0.7878585494154284,-0.7423888337498119,-1.097296380809107,0
-0.8028244439508423,-1.5769964821909972,-1.4061667944082563,0.5345309632651778,-0.7294985062457252,0
0.02845758118315888,-2.0650830462563206,0.6184453071929544,1.3077008320257835,-1.3170673339265813,1
0.9452115346114832,0.16801534053252842,-1.9682863831748159,-1.7328944377723294,0.1524920810876702,0
-1.276304416538336,0.5737444210044131,-1.4310355579874117,2.2409978919886555,-1.39918222848972,0
-0.47741070619280046,0.5265366836723071,-1.3954030028419726,-2.6334517838188325,-1.469970980268612,0
0.0013256887344072295,0.8811467208133691,-3.1873899683703932,-3.5756629997880935,0.46351395403649387,0
1.355572935710348,-1.5708814571259122,-1.4360373299125804,-2.051736751333769,-0.8306011860255869,0
0.3386873179216896,-0.14214653694054596,-0.14398924351812903,2.5773928933832293,-1.6880941354764742,0
-0.2795074632965335,0.6276062975618311,0.33750534806623456,2.3652240887242684,0.6353525177015421,1
1.0354434164169448,0.23384802578959837,-1.0270784140079983,-0.9749624727373722,-1.1530635759483219,0
-0.3035643252659147,0.026204752774035625,-0.9403027256038022,-1.6864035702007114,-1.3074670755425892,0
-0.8784738013420597,0.5008315910042115,-1.278026464333393,-1.5956595236269993,-1.0947150202803129,0
0.44947391283230687,-1.1818741254208012,-0.2755801176363909,2.339209203263046,-1.6126277090396484,0
-2.832325924984141,-2.0173387981224113,-2.3781169217698146,-1.7783013766109175,0.3212499529785935,0
-0.5336003064391669,0.5002404694365699,-0.6641201639949601,1.538856170925695,-1.234894115766931,0
2.196223142152799,0.16429476537056906,-0.6682575294410199,-1.520640091585601,-1.6567890388845679,0
0.635967750711738,0.22749587573205374,0.455996728190433,2.7700629827211767,0.6571936643762386,1
0.6234071382799156,0.04556388114189831,-0.702072002904693,0.34896498707669865,-0.7098064557926385,0
0.5268979236657937,0.9513062442994834,-0.5749960164112475,-0.24031805454980149,-0.8168488788644651,0
0.9578396311082676,0.29094736433948537,-0.6472634773382389,-2.6148764811023897,-2.6096775869977256,0
1.3890243629627617,-0.22565638071225164,-0.7815987967535623,-1.7587060205158145,-1.8561949424559505,0
-0.7121738641760437,-0.7076258948220262,-1.2491025027254143,1.040357409236744,-0.8843798245083131,0
0.6927227551168597,0.22526411724754958,0.12649323990899375,1.4227991502650217,-1.3732388152011412,0
-1.5947559581633328,-0.033925225927908885,1.0906588334317506,-0.3577602297695348,-3.5501563718944302,0
-0.8877695115385407,-0.09170602414512598,-1.19821428268846,-1.097202549573774,-0.7715891888539803,0
0.12861745040496653,0.8139808601977412,-2.5209284520017414,-2.048920583588611,0.2354814300477368,0
0.41960997202411815,-0.09445871444200275,-0.5682875844599927,1.5650252783820702,-1.2696785311744814,0
0.1986800095474069,-0.9849931258170151,1.0272562791225732,0.714188731633114,-1.2846107949400585,1
0.269294752580734,-0.3998990621311371,0.10775380800144219,0.33347221572557395,-1.4201127853418878,1
1.360115900180313,3.0768603701805035,0.5871860492884325,1.1957030153895432,0.22096685782076741,1
-0.6536791406374189,1.3508523306990055,1.5150073538376105,1.4102169591064346,2.5395538446226515,1
2.3921096352739926,0.19259691873130513,0.9004152079571618,1.2928421885534038,1.593093414408017,1
1.0235306441853447,0.1566937282465246,-0.39092355259525724,1.665328014907134,-1.26107621725418,0
1.3032780373160637,0.18106274277108234,0.3012444155304599,0.5513738098093703,-0.5565164625314425,1
-0.9642000714232447,-0.9006713825124801,-1.0627796137886643,-1.9731744856680593,-1.5990824317543089,0
1.8071966436378852,1.4509275482792119,-0.9820865310827187,0.35761104607949024,-0.7672104130886643,0
0.41768075223940065,0.8500793324175533,0.8690449671668037,-0.5530398559625105,-3.266385289280192,0
0.19405194360587402,0.3207857259326839,-1.9456021929528022,-0.14384887630696208,-0.453391276636425,0
1.0251091525817733,1.9483426447898127,-1.204296651835318,-0.7232653422536266,-0.7157696738986508,0
-0.7160434362758403,2.3490757867007575,-1.6881461663048403,-0.025354816817919956,0.41850984657364787,0
-0.5380477584901385,-0.2563406783724922,-1.4524586144082297,-2.5524798805489888,-1.563452684351582,0
0.796701927070742,1.029413100955326,0.6291139080573775,2.322280484352625,0.5910566969803075,1
-1.9493717553224232,0.4861847915619389,0.5217063877967629,2.504102480965831,0.7268569713619627,1
-0.3882430535215386,-0.11081256027908741,-1.4279324058682485,-1.1719768602136758,-0.5455720538941071,0
-0.16563141031763223,-0.5938114080687051,-0.596283186542643,0.37206378461959544,-0.7746760334724593,0
0.5827375831738644,-0.6220348055543814,-0.4129615082012644,0.591304714496687,-0.8772269163092036,0
-0.49757083838520716,1.0018248536819372,0.9669327670952332,1.9038381668674431,-2.863050069955425,1
-0.736770135947622,0.5859042011646491,0.292909864335818,0.47933797932669864,-0.6062583670834656,1
-0.40179502694163366,1.6994359830087096,-0.4471278277030183,-0.15157391240711127,-1.2800234052081467,0
0.5362909095171899,-0.06407776414871663,0.1267344460735399,0.06971109417542343,0.2223489255430513,1
-0.28313889674376713,-1.1617838439123638,-1.9199039445403707,1.1771767651078258,-0.8685507023925064,0
-0.3182375277426204,-0.6786430612941035,2.4689831390783468,2.4552906461717265,-1.4448802132830239,1
-0.048088507330772585,0.8155010224442626,-1.1632827852556686,0.4092251692486464,-0.7924188400046424,0
-0.5892716517893062,-0.002403840918853844,-0.9309566224701853,1.285741651283823,-1.119326642055821,0
-1.5118834195632136,2.0931979322099448,-0.9537074432299522,-1.898327662513297,-1.429499527227523,0
0.6802302084176292,0.551885971822154,-1.3764138065939195,-2.385336425134774,-1.2872901768447789,0
-0.9878733409007492,0.2837510236615011,-0.6454098979559887,1.37189035804496,-1.212986528768916,0
1.229990368438683,0.003147726906326633,1.2483527288091385,0.12002515527788271,0.4950975853245926,1
-1.0861262991814098,0.1386451837100845,0.458708773565881,1.0132146127371766,-0.38688032672921,1
0.1579743122514517,0.827115428565768,1.1516572454393084,1.9033563612737994,1.1177366252034657,1
0.3099989831655548,-0.1858457521927471,-1.0351812542294565,0.7361071507331969,-0.9001198889824304,0
0.4793609534294221,-0.5618420993516988,1.1522233479894401,1.2299242850555405,2.5091129739259914,1
0.3616610612470166,0.5320061988219431,-1.8922247710555191,1.5417606114819296,-1.0321714064274123,0
-0.33638694541113623,-0.26265952031616774,1.3584856237702305,1.4473563202657806,-1.3884795518347854,1
0.21853404241094568,-1.4152671919241875,1.9912751993770617,1.6919216568208495,-1.1254940607377413,1
-2.132595626154836,0.2810092502818063,-0.4235837175467072,1.2768280183910155,-1.2161419031561065,0
0.500143033113884,-0.3405987069098616,-0.5542872234419571,0.06574958187901658,-1.0394259051725419,0
0.22423474453529177,1.855503314794263,-0.12232053229125728,0.5117841190966843,-1.2219155494697245,1
1.0539857711828762,-1.189232465077129,-0.7961282516256577,-1.4394239027320022,-1.3012123779068618,0
-0.7047284356108838,0.5720062783004729,-1.9931124428964744,-1.8184104810546242,-0.23549746653354542,0
1.5886269280435956,0.14098269961205998,0.07821133677506409,3.1004132975273047,-1.9510792511840007,0
-0.5221315700199924,0.14693529838668778,0.8129377758470682,1.5283845602014232,0.9287362350889611,1
0.8555556590207121,-0.7068925679873489,-0.5109787499204217,1.5296462291775592,-1.1886494152204938,0
-0.4534141083838538,-0.4237596820227031,1.5515241120637893,-0.5959197661475757,1.3724619962684181,1
-0.48282759080691834,0.10248464215820753,0.013667042490176584,0.7521992061045555,-1.3156571764354545,0
-1.2551353719733949,-0.4776455826040052,-0.9547154174395052,0.6498379319345267,-0.8321733618865634,0
-0.7094410024275466,-1.371673697230466,-0.9984073360660615,0.08826576532353336,-0.6676354020678977,0
1.3313390619884031,2.1247714030169615,0.9762502414096541,1.4817789473548402,-1.6188968848280891,0
-0.2991817724274346,-0.5964114079688799,-2.0387183169104555,0.6152613169694561,1.008359010342864,0
-0.7837535211244283,-0.2885486958757048,-1.1026960114378188,1.2876558843506956,-1.0275172634720102,0
0.0516609768510798,0.9583858198420424,-0.8543896632264363,1.4521044853122644,-1.2021977001244437,0
0.604120889588518,1.0683793336940164,-1.527705797588717,2.1854379241529873,-1.3379821216371097,0
-0.3240681752089702,0.2270344788648889,-0.7179817046371483,0.044065013026687305,-1.0070868651110874,0
-0.2598001407675125,-0.7811563781311142,0.8826369735499812,-0.823368297463615,1.9745916826929721,1
1.6653519176235307,-0.6416668201303822,-1.343819887414862,-1.808099830231532,-0.7165919983411899,0
-1.4068150094975382,1.3254321090950785,0.8548539400213367,0.3826181488670244,-0.1314004253879444,1
1.452755545126183,-0.294455757588034,0.29977007406371237,1.120647333205282,-0.5264128426264059,1
0.8496119885162131,0.14304876987895235,0.27675562024744993,1.1311421582232704,-1.8976023413526681,1
-0.4713157211511178,-0.5655763678739901,-0.8201416989337578,-0.1271292163447909,-0.7344261238161129,0
-2.0820987031889877,0.24288201315027502,1.0846318889182645,0.4902456073232383,1.0227207910832452,1
-0.4958781720101493,-2.3869298701956727,0.029168284899363295,-0.12890180227655057,-1.996037146038155,0
0.07287409801551453,-0.06468860503251772,-1.2417268129860282,0.2586515851236798,-0.7844863871072948,0
-0.5321685631271895,-1.2926253471522626,-0.9176053469220987,-0.6790783870393655,-0.45975564240853917,0
-1.803862792562365,0.32445860435251705,-1.4911312979064306,-1.4557467556668953,-0.4596303112428177,0
-0.8567720938267928,1.7349365758368085,-2.693619346761412,0.39129537057376773,-0.5260765305728489,0
-1.0955193888455623,0.30767665340111383,0.9138889938874208,0.004381725971326578,-3.196874093251968,0
-1.2192844665221938,-0.8220760118279274,0.5027184374384623,1.6894469338571256,-0.10148771949831015,1
-0.8235349706258495,0.2678436378663333,2.2283709914803778,-0.1796817484791362,2.8958908962963057,1
1.631856899089109,0.20232879642280202,-1.3370588866572346,1.6105087396684457,-1.1774818407077563,0
-0.22938233185546722,-1.6167133749480143,-2.2599435217446926,-2.459601454406462,0.02985826457589602,0
-0.10633700253131496,-0.18144906924751675,-1.6264062888613553,1.642842888062062,-1.0990642252990777,0
0.6958638390937854,-0.5530898169141323,0.3890276002403974,-0.26538698888598444,-2.3436822391421313,0
0.17775010626803134,-0.5258796758952039,1.124818391388212,1.7131321205192522,-1.6624866661660875,0
1.0600897399086655,-0.19569853114690144,-0.1505777321074273,3.8411878958896293,0.42282851647290687,1
0.20760335140062577,0.9577916144729056,-1.5170901433058943,-0.5518152361801846,-0.029472092873570666,0
-1.7863754653546866,-1.6380290574360168,-0.41946638776974576,-0.10218805077435245,-0.7877212531612625,0
0.20438903160297678,-0.5555467794868666,-1.5054854527195611,-0.258900871648607,-0.47820174891454736,0
1.3119837385739466,-0.29748220087385013,-1.1034726418952563,1.4394028051616174,-1.1113349359691758,0
0.21209335307417554,-0.1643352058853914,1.0776851673766918,1.6696349463673885,-1.8662209137416346,1
0.7014947819247145,-1.3650217954266353,1.2743705669100573,0.8896842045227318,1.8106703249826794,1
-1.0902084067994298,0.24365722370271442,-1.0788693983302828,-3.5837647702124658,-2.223930658123835,0
-1.869816339532164,0.45060341286253885,-0.7738705523951624,2.621597285621645,-1.6711631775114264,0
0.1480894197982762,0.3676198402097109,-0.9317973074287432,1.6945909092316591,-1.1951910622598199,0
0.5667717261841796,-0.11480224875906367,0.7280097044082031,2.922270862230447,1.9079585185500818,1
1.0059245117964166,-0.40930847409572124,-0.7234755705633834,0.11367659104023775,-0.6334580981039009,0
0.224216404290793,-0.5865312695639355,-0.5819821581326547,0.9972664579391463,-0.9249364078004138,0
1.190548594343596,2.1650560678066024,-0.42754529756719384,2.3744723304232274,-1.5035096585210002,0
0.5913492417584003,-1.3957892021924851,0.20718906798098446,0.23163169746051282,-1.70899297339759,1
-1.3656174041901492,-0.42359858172817705,-0.07396759853953938,0.6001200782433593,-1.4375769166355008,0
-0.6994952201676432,1.471034690817104,-0.11717111987850859,-1.3874534503957658,-2.4270266457135605,0
0.24300472205439969,0.9500158286696456,1.7800347425610445,1.0979845506468116,0.20198048534782354,1
1.1945922205137307,-2.1899217049785533,0.2059617709261834,0.6172990282815729,-1.0343232284483108,0
-0.09184476433495513,-1.4990159604584012,0.878034230948461,0.5514363577051108,-0.28586723686953863,1
1.23000057271915,-1.0263692076658921,-1.2762064076491961,0.8874741065685825,-0.9095859274094646,0
1.2809395766667275,-1.4972576451786446,1.0210597708925222,0.2350006373915191,-0.05845340656763698,1
-0.5123742406766936,1.44194500580189,-1.154314678024661,-2.3441119947608797,-1.670809619662014,0
-0.9845340504819681,0.2094700836477726,-0.8883464804728366,-0.6248722172646306,-1.1417392499719294,0
1.2788658133133932,0.22228985580085406,-2.111200569331279,-0.34904494517004814,-0.31489581543060663,0
-0.12205713212127726,0.7931756882186773,-0.9725884015221001,1.046274784339299,-1.0606988720409933,0
-0.4975724983092141,-0.4949654803680733,0.10629211267558225,0.7853591934013162,-1.4159039462231109,0
-0.6298845523638104,-2.704391631602775,0.9392718572034755,1.460464282123959,-1.3081404622083779,1
1.5232386217122578,1.6672241115511366,0.18540616298320245,0.8720887888617026,-1.2024068016721299,0
0.22155847362421105,-0.1134806458821414,-1.7504171037397511,-2.4996262609305053,-0.6997757852907718,0
0.2647753109779796,2.4851899166788916,-1.021022624373667,1.005693887932935,-1.0672110841058653,0
-1.3525086894407221,-0.9587784561867747,-0.762740356256646,0.8673554235358001,-0.42041897485975144,0
1.144293068559939,1.1801281737415277,-1.1353802385774594,-0.9685586421051634,-0.6027581259405232,0
-0.5791241096357468,-0.07906734186455633,1.2450745552396547,1.2102848145231089,-1.251506532246416,1
1.8180619225578247,-0.7330329955239894,-1.837463763402638,0.7327562684759674,-0.676607438792899,0
-1.2935076252040958,0.07125374991089249,-2.2146433244100594,0.006265770345381783,-0.47368899238251194,0
-1.5678594253654559,-0.531454551359215,-0.4128094151887586,1.3794529805226172,-1.1419564793459778,0
1.6406145634882872,1.3625628527124518,0.24100292046693184,0.9470450313565074,-1.810550869039599,1
-2.00745686074501,-0.3631166611555665,-1.0525032160807277,-0.3542832654876039,-0.5736018048909401,0
0.5156280884439565,0.9753124584779789,-0.8933162680997521,0.7785465649014269,-0.9210195274941169,0
-1.1022697404558555,-0.39719531614598763,1.9817017512135409,0.5177505472963166,0.7418980263730262,1
1.2543383607573395,-1.2361357960304624,0.6274652904511273,0.5984897122449937,-0.21277711075987105,1
0.13106518621584873,0.4004813865063287,-0.5649525969917737,2.249716019918755,-1.447839047786683,0
-0.6769951384585313,-0.952316380738797,-1.5181584729360988,-0.21656842862265435,-0.5320568216136912,0
-1.2203206899439758,0.5232231857370332,-2.8319399284741515,-1.571623210874448,0.9138259606024524,0
1.5280313593878327,0.6715311717290534,2.8608595152263874,1.1594936860986278,0.8504722784196119,1
1.653617268492285,0.31952467078295543,1.2053653982501442,1.0479171737189652,-1.6578420679289683,1
-0.4068852445043747,-0.23591652931212392,1.1337669048522172,-0.40759924168194184,1.043884108438865,1
-0.6141225650083162,0.1455211977682408,-1.1869702551980894,0.5570566545299023,-0.8478741763098809,0
0.94881309647162,0.8707466445884032,1.6517856413107028,-0.5391877496134063,0.9076367972713428,1
-1.6728939013115742,-0.24907184465304072,-1.7505699984973362,-2.503299875061124,-0.7689024295053617,0
0.5530400858523584,0.7751554940347829,-1.280028635018241,1.4974957088430736,-1.1934238311086753,0
0.3834350314036443,0.49470565377503267,-2.5633423666822512,-2.6401371659256183,0.44451793400558204,0
0.973101561015072,1.159381043300522,-0.2805433643573818,0.1998747730575896,-1.6907221791023357,0
-1.3331283547778066,-1.1571166187132709,-0.69524067423368,-0.9151205243304557,-1.2491703750823735,0
0.19189773587303607,0.9411818664199697,-0.6020057274038231,-0.6958019150304343,-1.454670426819038,0
-1.2790307362197864,-0.27999330187447974,2.2634364199245853,0.7587162002233784,0.5045110631842205,1
0.4936548476431509,-0.524662407066803,1.0154453270189174,1.1236502119393683,-1.2159955030305243,1
0.784002779310748,-0.0059547092127293835,-0.8187320552487143,0.666144821121623,-0.4767539611094329,0
-0.3202978045366419,-2.077811819856197,1.2880365195944448,1.2007559000356962,-0.575007014191558,1
0.664927162301741,1.5301951988633513,-2.3076014394555364,1.1753540662325705,-0.8622260347221455,0
0.683223014788808,-2.0993562644190256,1.4992210900852918,0.004205238581898585,0.9881233669223631,1
-0.5976676832548571,-1.8210860692944963,0.1296005436239871,-0.92635383773083,-2.6257875468737293,0
-0.4884760801103597,0.21060083929764178,-1.9380648425257565,-1.7770268689932165,0.05177091648643661,0
1.261519252535516,0.35625278870608357,0.03825125819709174,-0.013260728491810814,-1.7455213676657042,0
-1.9495617177543672,0.2620668090867255,-0.2473358260308085,-0.741240730744287,-1.824791538659091,0
-0.7331561971099966,0.44130715169924584,-0.5320282981422428,0.9495220093173242,-1.0839373938042725,0
0.1994239859867671,0.7547332980678092,-2.79002676676435,-1.7890509829125674,1.0510762271254355,0
1.202451247983072,-0.024232833869692143,0.9579126278717637,-0.10383942569727345,0.22268579969410818,1
1.9412174364637491,0.6654168236917787,-0.887292868773089,1.0193447996694749,-0.901215104063293,0
-0.03633060804234174,0.1909165241437107,1.3311994028231844,0.1973197126524595,2.1454562288858385,1
0.7638603516334226,-1.387868550455802,-0.6822124934202529,-0.09046656554012955,-1.0310670437004497,0
-0.39568071175626385,-1.2021495260760888,-0.008098743080953152,1.050422148088957,-1.0816121097360651,0
1.6554071130882952,1.0487071264165635,-0.9977128334976534,1.4946145081858453,-1.1343352862977811,0
0.9567031863856585,-0.8093808210827541,1.6277253340647566,1.2457946686069208,-0.6596966535937215,1
0.31318447386498,1.3286408282482312,-2.0632532767909884,0.9400066795158031,-0.7095369966525602,0
0.4373131870389607,-0.37231905293792283,-0.10879438807780206,2.344532268041039,-1.6643866438450552,0
0.4512253193185082,0.9003985883950636,0.4517877510701829,2.0145766983804574,-1.438925687909454,0
-0.08087849786546193,-0.09139955750911515,-1.0457008569786699,0.9869410003587562,-0.9893311115580636,0
-1.60027110450371,-1.388542553831211,2.5483654796122077,1.840364120287218,-0.2531652971933417,1
1.3739143852114495,0.993782214530439,0.905439069727798,1.6762797278748827,0.9581730689944722,1
0.7658782794806148,0.20475888240178416,-1.303695735528188,-2.284606546827808,-1.1416455889318562,0
0.8468821038849139,-0.12517442838316423,-0.8612964067622707,-1.4244703647767962,-1.5654803237227826,0
1.4205042872710631,-1.0986204251778122,-1.523209398121876,-0.9392026350770704,-0.30697223876920465,0
-2.0199273321561364,0.06783851391693768,-2.7184548815018,-1.2776306441759873,1.2920468740080144,0
0.8890371222798921,2.2724347204468818,0.5088983265138554,1.6140666840621312,-1.5164740587882206,0
0.3958197810959234,-0.1790932850161564,-1.1615764169078322,2.0280988573946477,-1.4079138781853247,0
-2.128734094414812,0.0785770297191498,-1.2218398405293622,0.6464178213127494,-0.7426320516673055,0
-0.8480655980305086,0.8080361894020714,-0.6008605070030135,3.719600007924522,-0.6907880500759997,1
-0.23701197001262772,0.961987189071841,-3.088039078287111,-3.3761949975661265,0.957777197455272,0
-2.220421008935126,0.3896045240919878,1.6464735132379564,0.4697510467758572,2.2452302421761248,1
-1.2094769354188053,-0.30085974714082625,-1.0009650722096746,0.6856867513969973,-0.9870685725686438,0
0.8316167861804036,-0.5663945912147232,-1.6759934525269862,-2.1342462731518923,-0.49598524039728054,0
0.7717961772356612,-0.8873294588557712,-1.6521704258020793,-1.7023871903946606,-0.45417669822382667,0
0.7034279167873088,-0.9741218462163683,-0.6758940542799275,-0.33014051033946645,-1.1047075749800415,0
0.36064789143579495,1.643378155804534,0.11752615842364367,0.7041551879958268,-1.6555234639377812,1
-0.034550623953963515,-1.3927354721669964,0.08584950440855099,-1.2559817700277562,-2.795864372359121,0
1.1013229577357622,0.4441983272906719,-0.5447055450985339,0.669600017322981,-1.031774190186735,0
0.13429649724779288,1.1701987091966037,-1.296042614384402,0.3323808442828483,-0.739862700759863,0
1.1373145423647297,-1.1533505105959596,-0.9643676111726212,-0.11263345613506948,-0.7152171782427389,0
1.8904406851557827,-0.7316317389085281,1.1959625300932304,-0.2354290425655412,1.2169290190870448,1
0.4281862478105761,0.5376299029498797,1.2826797244174508,0.3612589324575194,-0.23026839312941982,1
-0.4645810781156185,-0.19692180799688963,-2.8255637264107167,-2.346485052804451,0.7263014189508727,0
0.04600274725327412,-0.23811043631205406,-0.35532559714071044,1.4910126087746256,-1.2671322670174674,0
-0.03901951937754412,0.7793490039053323,-0.316743775259104,1.7345749542320474,-1.3897457686263957,0
1.1931129458510281,-0.18826133508630657,-0.04910560175640466,-0.9509262104987422,-2.1722227938847785,0
-0.8256536828021421,0.44477380783159476,-2.2225832614043064,0.34928992401750536,-0.5994892738874729,0
2.2125310393972426,0.16048962397348007,-1.7113826870432762,0.975934941986768,-0.8816345005567057,0
0.2106684652031108,1.0753434019568977,0.36706173291895383,0.9390208349947355,-1.7143993985158368,0
1.0819848092499422,-0.7798529462216388,-2.2868664252573696,1.270704583726511,-0.8442067049322596,0
0.2412402484067293,-0.0626482221218215,1.484250783216368,1.695957560537912,2.0260737990582327,1
-0.2725447213618092,1.1734422766324448,-1.875127525037414,-3.197404884119787,-1.181019966386438,0
-1.423682636883923,2.169936588080543,0.9566617014556312,-0.18622544830535048,0.9288428963907722,1
0.19157739619408962,0.3556689485632294,0.50446262536444,-0.4285496053513267,0.43756048872773,1
0.223153054747697,-1.3569355696995753,-0.7975227968418285,-1.2526316156232238,-1.3535166889291965,0
-0.15171443357722914,1.2753907379990148,-0.4808243468999118,1.4481612361919658,-1.2068152591021881,0
-0.5092133625991345,0.2783486346446696,-0.42307835583878706,0.07513652871663923,-1.225791972111678,0
-1.6846675772263868,-0.07587145068502332,1.2657696235839397,1.6023745735717494,1.5916377301654725,1
1.3554428011054958,-0.9162741005637249,-1.5975735595089111,0.05215744023226154,-0.6381988191280162,0
-1.5656480316055963,1.0973001875437087,0.009368934214350588,-0.8480250051668738,-2.3352845786088654,0
1.8577023435377324,1.4974316831796264,-1.058548273598618,1.7049583855926547,-1.1837984976170475,0
-0.06953228624226938,0.6577631761503737,-1.512316281914846,-0.6588083035716883,-0.06030056526862215,0
-0.9665878909853152,-0.5984375805810469,-0.03352362286659216,1.3940344995952296,-0.8470918640458409,0
0.5044832563830169,-0.6108576398050658,0.38371187726023614,1.3373387527261027,-1.7881105566927988,0
-0.8261119917145421,-0.47579544400490115,1.1435599103787195,0.3037381085756946,0.9817218554063774,1
-0.19539035117702397,-0.7239903317426091,0.7628979147462889,0.2444656040080968,-0.7008213599507878,1
-0.13006029355362003,-0.5561187467607805,0.6126464580155633,1.2610436450305156,-2.351794028564634,1
-0.0498801541281177,-1.1889634195349619,-1.273719893905257,-0.6677151540631909,-0.189562313659961,0
-0.5615577463306254,0.22668424849459717,-0.4932935580809773,-2.0009120855918234,-2.3123325566455493,0
0.6197387847028688,0.5878558881377351,1.284894670902419,-0.43376244062833824,1.1585773143282543,1
-1.8593367716600575,0.7978437798957666,-1.1188746007973704,-1.0994008681374392,-1.0023469973403922,0
-1.014479726707414,-0.6080061429373236,0.4629568214680403,1.066566075870857,0.18887872934775685,1
1.638359732270941,0.6188862980231536,-3.121886148340178,-1.9417561183352565,1.4404292116790498,0
-0.33078922432755736,-1.1036698285303692,0.5072565823171353,1.1668488184054446,-1.2840442812348845,0
-1.0496554989099411,0.5681032051286461,0.018634204484507366,0.5227537304080638,-1.759105125321244,1
-0.645572072035395,0.4730382821602152,-1.6569160280230006,-0.39402571386132923,0.35104878856824784,0
-1.8363597837703973,-0.26864575330974255,0.9685874423271972,-0.23888423187833463,-3.31939281629657,0
0.3873714806329899,0.10744437434089255,-2.148392840877542,-2.1704370043417973,-0.04483384520545408,0
1.1277802506338985,-0.06040372919690829,0.11193003261356194,-0.3677456169192631,-2.458642772998796,0
1.4363354057059785,1.186734620177331,-1.1216712584090311,1.594259448039689,-1.1639948859797442,0
0.5835443030118876,1.0417246640588513,-0.8228349936328208,0.15841467998054348,-0.6906911787028123,0
-1.8800100339077637,-1.5350402475323597,-0.3035492984602083,1.1251836152201018,-1.2075666992350524,0
2.0420696529278803,-2.3716593608588923,-1.3815330797708676,-0.6163343604072021,-0.2707759639154479,0
0.2887280030098363,1.2676515111879738,-0.6479663936270399,-0.7386276919741406,-1.4942919596529118,0
-0.8505352787470439,0.6030946849488336,-2.1448511244861708,0.12764063126362202,-0.34882742766811203,0
0.4253213083301104,1.0960699074773985,-0.5659717958654309,-1.785268986386418,-1.806296515065489,0
0.17618982250269202,0.1571279189909405,0.09884156216036266,0.11003307561215636,-2.023500248712077,0
-0.758765257935375,-0.4684961133603157,1.0859943935377134,0.07688394798953602,0.9594477018076376,1
0.1755362295785979,0.30170000890173554,0.3846088500807985,1.1933931421245405,-1.58346348621536,1
-0.43112556957509907,0.7828737349485725,-0.41493814311098487,0.12466771091125117,-0.8266836981540842,0
0.47004418736820225,0.4322629506341556,-1.3125186713681793,1.8943066316212318,-1.335606938713977,0
0.4875602970867186,-1.1761733365547806,1.252535357409749,2.0694928035147395,-2.589163106004915,1
0.8021284586181192,1.5985381120963411,0.9926051298558801,0.3218438113679798,-0.4468525589868122,1
1.4526167454861794,1.0651719657143865,-1.5835785675322196,0.8888644787530743,-0.9440919423444362,0
0.249548189598077,-0.9944285217997922,1.141991833041459,1.573176857561914,2.053544267795771,1
0.2579759812211809,-1.548960525053475,-1.1116795282921104,1.5954054014050318,-1.2628368768546863,0
-0.35802937974698634,0.49120766541199645,-0.4076715820251958,-0.291493755379431,-0.7033660656499586,0
2.3200407220172594,1.1218578562304709,-2.33894777813106,1.8705477473033214,-1.0619853310059306,0
-0.8369207037962799,-0.9163209190734197,-0.2853664575860956,1.6541927602929065,-1.3618952105243491,0
-0.30964971398806085,0.055863939844496904,-0.4723295752998693,-0.9825371701596383,-1.7339876495092286,0
-0.3849428884100812,-0.11522423255219759,-1.3612878526365289,-1.328636604879226,-0.8453789154239573,0
0.8347513263248821,-1.0921636327180897,-0.7197124037609649,2.3534369314466446,-1.3870679451427288,0
-0.6888855425754058,-0.02230028371805306,0.0304440259130625,0.8652925184204707,-1.5449148336439098,0
0.10940847183297006,-1.2374266382225725,-0.4633863210747272,1.431290905203749,-1.273423580208344,0
-0.057390703001542885,-0.10047572057170599,-1.4823383963251069,-1.6122212802260973,-0.7070920512918046,0
0.7608466543114778,0.8875039674140593,1.548329873974357,2.1370525428692386,-2.446857407844975,1
-1.3327773974796497,1.2495049007061587,2.685670831514657,1.6752553241744788,0.4272459530048869,1
0.24309172766069878,-0.0827150238964932,-1.1545414286324749,-0.33072018587427143,-0.4035119361647852,0
-0.9661567233704171,0.8728243510056347,-2.7583620667265674,-2.247862898936403,0.6894657668239002,0
-1.890010171182943,-0.24269874782528175,-2.0821112695449244,-0.6004858337547494,0.40835351777724416,0
0.9040175547613144,0.2243396567780826,-1.4030309348788124,0.7829857310846688,-0.8282392038068693,0
-1.1794596645077804,-1.5630343065712535,-2.1316061685294603,-2.0737008198267235,0.17502619182199552,0
0.04693490206036963,-1.9782252493748103,-0.28077407356381845,0.3741563642338508,-1.0376564158926171,0
-1.597599169595432,-0.9245641143780997,-1.4209914820500127,1.9405745391875144,-1.201997369553657,0
0.5540577711159071,0.07959786237603639,-1.4875245046396968,1.2876189951911479,-0.9896168333564921,1
-0.7557915001583629,-0.1942691319785193,-1.6162100145717635,2.422917839528302,-1.4381549121550794,0
-0.22747625995340778,0.3361449630262288,-2.7825380969942017,-0.4678701801093552,-0.23670721964595676,0
1.8972886947731116,1.6957228778108653,-0.7237020542798579,2.32345632444234,-1.5347469522730472,0
0.3794053976051097,-0.21406769772786138,-1.706142756598949,-0.4508958305772671,0.12512097809072764,0
0.5433908278718096,-0.4597646158304763,1.4293596127454358,0.9971417715262644,1.4642882506472605,1
-0.535316712567659,0.4961991873633163,-1.551407398682145,1.043767306718822,-0.9466886459710477,0
-0.39622967810175985,1.2395840064415615,-0.5922359961195295,1.0098338985065662,-1.0111149012705152,0
-0.7725687487562409,-0.349439327216956,1.746299157862337,0.861648623472789,0.5929967706108288,1
-0.8246122504347609,0.3074035697196884,-0.33604460847490214,0.25268432504705185,-1.4747620599843558,0
-0.6273134459513027,1.1806409124521444,-1.0029808984142456,2.1473412815407165,-1.3826262438566146,0
0.49580502102757085,0.518871180440122,0.3334843136796535,1.7745096620960092,0.0481393338008671,1
1.4473056993918065,0.5062409893059261,0.6349603673231423,1.1275462463449804,-2.1252788434857153,1
0.8107986455917099,0.6549755842216898,2.302850554285671,1.017014180977279,0.2142879231785222,1
0.07814306296964744,-0.8162172445419648,-1.4719140238771187,2.3559591342159436,-1.3106814145895724,0
2.343654052812625,1.1815677164191463,1.3169394919876454,-1.0657684214625989,0.1734947422195927,1
1.0768481446576803,-0.8051717517428763,-0.5239433789444213,-0.24731408145544975,-1.1536982045875885,0
1.310191908080897,0.4217800742508709,-1.2938178409753562,-2.1713339015450286,-1.289870321445201,0
0.4243939378610126,-0.7955570679408823,-1.110198519590306,0.7909875708110132,-0.910081380923468,0
0.4201915428949916,-0.9938626748348534,-0.496274280452085,-0.2450027382477249,-0.2735907179983076,1
-0.25628082425157245,1.1039335467019071,0.8314667068876941,1.1712509433990246,1.5989811960586409,1
-0.24775241823970925,0.30734561670797006,1.0327586713025516,0.21250456743557966,0.4809474196812301,1
-0.8320613048498566,1.991553302204734,-0.01952154472253964,1.6917407901341464,-1.3282837467906106,0
0.18947982122108065,-1.2804555710024668,-0.18609097130946117,1.5783542528650136,-1.36576210259191,0
2.394361900582451,0.7157342411708404,1.2943001779446004,2.319215928164094,2.8007548797870827,1
-0.34730228895784293,1.4350873992222355,0.025856068573573587,-1.3121013023363641,-2.186431867934047,0
-0.7908993816675531,0.7821300015314592,-0.8257354896559846,1.8812372022836426,-1.297454748826196,0
1.2906444609225471,2.01527511046064,0.2201331435217223,-0.010667886816805527,-0.1930827525461044,1
1.6163000427219165,0.6373246830230725,-0.8718665715120877,-0.43812766116708957,-0.985675587752182,0
0.7335478135058658,1.598321807641033,0.7091889303112835,0.9321634665159874,0.38117318843294035,1
-0.10726476581094174,-0.01987363536831157,-1.2245175315877137,-2.3948943334227026,-1.4441083470147382,0
0.2792678382165259,0.7499002394237102,0.03472417308458997,-0.2739222823714257,-2.4289196556108443,0
-0.08809124402907328,-0.5176925728692147,1.4167267344724976,1.158843518470887,-0.30458066998230215,1
0.30698107268623775,-0.009288561567815747,-0.5644900497202938,-1.0228787793300111,-1.5760008342283167,0
0.7510994545073101,-1.9754877712171375,0.4137404050075013,0.412756595472377,-0.8582462778732766,1
0.12617790366196718,0.6820694900626313,0.606397899924864,0.7763801146272578,-1.271568994516763,0
-0.2215132629521239,0.5169465157483709,-0.25244652043318694,-0.32772351310023884,-1.5990629392298916,0
0.30524312653135294,1.6637328321434735,0.9074529603730073,3.413349655553915,2.535690613531874,1
-0.2841550979287972,-0.9858038086678267,-1.0352435409541374,2.332075939092225,-1.4894197032245478,0
0.33802348110170816,1.2769653860881878,-2.1856490891967875,0.42495660539783264,-0.5802163616902445,0
0.4892545350763279,-0.3451647054497966,-2.0299186217867327,-1.503956716769212,0.36791336895207083,0
0.887079776446287,-1.1979664292172616,0.6383946915815051,1.1428760496384047,0.6336899089575234,1
-0.09884520123930605,0.19548173155329082,-1.3509145466880748,1.2155964394103902,-1.0184124621275135,0
0.8761691671912328,0.54090851856099,-0.8395485973584221,-0.47646082856792393,-0.9531133915149985,0
-2.854626662904391,0.49406391897551966,-1.0494183403219375,-0.15033885418644755,-0.8890458672169963,0
-0.10128071870153288,-2.0217986399619474,-2.888778209343389,-2.30423692058229,0.7688737338318861,0
-0.253676077542381,-1.092141593428733,-2.481834908338079,-2.8363086863403066,0.11526009387483271,0
-0.4817659710934752,1.8566474365619547,-1.0478944974821307,-1.4919368993102706,-0.883446046831974,0
-0.032280611049470324,-1.8400777445057528,0.18103146880982957,1.7238913070658737,-1.43909532298459,0
-1.0860545821180863,1.369701107654185,-2.3879637520641896,-2.4887323669506163,0.05242189593745605,0
-1.0211624575603007,0.9515497705740432,-0.07451722934095029,-0.16379675555694484,-0.816566118149663,0
-0.4303093199546424,0.508608373233442,-0.5129853402012301,-0.13227313130162255,-1.0844433583802116,0
0.7597122954841684,-1.8179792253871547,-0.37257361710415837,1.7422843800285803,-1.3870241937495145,0
2.814654444472553,0.7007006121205837,-1.2195155155772608,0.22463623666323174,-0.4001694903442857,0
0.6082461916849685,-0.9457460606967811,-0.07754571953055389,1.6435392136750475,-1.3820674298709543,0
-0.038742894989543024,0.9552692372072055,-1.180337487273444,-0.6532610848409083,-0.5449134879110716,0
-0.35667313417987123,-0.18315047105329468,-0.29082212039631483,2.2715148569299908,-1.536993519255057,0
-0.46913085421040895,0.1263141994832002,-0.8216308299048973,-1.197034492983559,-1.4965350916946911,0
0.19624094066672046,-0.6135876053627944,-1.209391688047681,-0.7814975580701605,-0.72410035653824,0
-0.7764991404930003,0.2952799406208684,-1.7417807187872247,-3.6220409585632436,-1.3427541420154494,0
0.2668183962954019,0.42154608353656126,0.0395915478164488,0.8315807163438157,-1.1556647805540718,0
0.20323595458603103,-0.7790927393767005,-2.274269229684079,-2.7419285932697424,-0.04566809517601578,0
-0.4159669279473586,-0.09662367001488972,-2.312391735963523,1.5576292428556147,-0.9874535333688094,0
-2.191253851165281,1.0965471182302537,0.36331517173965877,2.3204860837649606,0.2504058472545382,1
-0.9645377949101914,-0.27981034237700614,-0.24596189871342378,1.624451185711591,-1.3668657146002265,0
-1.315815816427507,-1.4359095238685273,-1.5197507418281364,0.6250134614727165,-0.7495405378424851,0
-0.26764109089879357,0.47347189903522846,-1.0230236311191239,-0.20099622180970722,-0.5862853652169937,0
-0.7281719009698155,0.0828325705180999,1.134326760654311,0.04800418890321767,0.6775858951606228,1
-0.7788370428204348,-1.500221861446936,-1.8325883902512954,-2.2196675732468676,-0.7325265234719867,0
-0.035825578706462934,-1.1115802495135512,-0.7960733288589964,1.1312311100533297,-1.1578704078712918,0
0.24353020418634463,-0.514782674914742,0.7035943840064105,0.5106743684384951,-2.39829926810092,0
-2.0864776583710847,0.007178466907941942,-1.9736304604731725,0.7623233197667817,-0.7120721165566122,0
1.78179890877106,0.7356219972457467,-0.02748521521528635,2.459358637485388,-1.6552814121980464,0
0.9282456913443246,0.6445184916452914,1.297371960686538,1.7536366322320678,2.0111865024644753,1
-0.5607609069798603,-0.9403989164843533,-1.2172417597222691,-0.6683145835667412,-0.5970835352561861,0
-0.966246319753254,-0.484173951248737,0.21421521084496042,0.25795170723473326,-1.8465245729015254,0
0.5697603571986468,0.4914294527201996,-0.3225254147766601,0.5080391055574863,-0.9893262822727026,0
0.13192796677195706,-0.4118233689636573,-0.37114919881197683,1.5162202716817272,-1.4129724842529336,0
-0.9500634974661273,-0.7961368031864955,0.46234313322379883,1.1784107462089906,-1.8344605016964501,0
1.8205439079418155,-1.176962112769968,-0.5300188325384299,-0.007066531180919378,-1.2635861870040086,0
-1.3554475031122892,-1.7938924978678903,0.05322355822209124,2.250549009078408,-1.6496189390707818,0
-0.3748220566218061,-2.9069882193216414,-0.031602917452642654,2.7043739323914,-1.8546203241461794,0
-1.372465547884101,-0.5017841928115321,-1.362538559877212,3.3895987356398942,-1.6916714499501064,0
-0.2357112448566685,-0.6556877194614437,0.05950565969523036,1.743640998225812,0.27932474847123356,1
0.5384349572164524,0.7310006267854814,0.5336666409762476,0.5555604810984962,-0.7479833032777783,1
0.6523303381766798,-0.7390286580232329,0.9808316098140972,1.168098126097036,0.40841038752465464,1
-0.24638340251454802,-0.29737607924310644,-0.7004606988406192,-0.5973446949654082,-1.2910057148455276,0
0.14035986984804696,1.2005316584738726,-0.9818453576991093,1.827327452224785,-1.3490845639842117,0
0.15808922532318442,-0.00811320161175029,-1.6688238336285943,-1.377435149126153,-0.3793492246319532,0
-0.05751775300546313,0.4929864585144592,-0.650569352914639,-0.7435003188936233,-1.2141897908963402,0
-0.3300901917014373,-1.795643172630015,2.1522471598320125,0.43862605456890347,2.91766508856303,1
0.08416823018569615,-0.6498268854974364,-1.3372372930868524,-1.2058531801403345,-0.7016117006657203,0
1.184256645196173,2.3883719928704386,-0.9673706747640048,-0.22883808885382795,-0.7912942368363605,0
0.03556607403299353,-0.8561698406617501,-0.22877894780638053,-0.1702014044125122,-1.5031311777628207,0
-0.14152963733784743,-0.7342333219710379,1.239649426667874,2.3624337482351905,2.3140503532007073,1
-1.0257526836402773,0.216624975404619,-0.6960839329474644,0.49970426914964394,-0.8907752573301244,0
-1.123494033239598,3.152056734512085,1.9089065074025202,2.4542737974277506,-1.9859704713407185,1
0.03003147916408217,-0.8617030702562581,-0.005332675701751111,0.8771761389986208,-1.2003763926806585,0
0.4734074157124664,-1.0461210850625042,-3.097123016653903,-2.5364035122499757,0.6689159106428184,1
-0.8388926740257363,0.6863535550145331,-1.4388176746850516,-2.968991026158798,-1.550026031234081,0
0.7688396759688971,0.049308331520222654,1.1684431756392022,0.8744528534823922,-0.4871554837755008,1
-1.0797363212758484,-1.3585740152574743,-1.2449824386662525,-1.0320744860309763,-0.740773322984859,0
1.1223742187031596,1.534482101794515,0.6312685497341736,1.8652668812278599,0.5444516404926651,1
-0.5482002981667726,0.5531491563792091,0.868065334487071,0.6198549558145094,-0.8684070218109917,1
1.2838168598535613,0.3231854824582059,-1.041566644592806,-1.5269428451618658,-1.1071804882018421,0
-0.4114931445621802,0.07268052432934134,0.07457753175216153,1.8364911615848674,-1.4301728615447349,0
0.7835896647986067,-1.8518427315746586,0.9457854461845768,0.6024238262599209,-0.7951208702098045,1
-0.2116669819311769,-0.3301200939664503,-1.0727197983976693,1.034976832382185,-0.9206410160995683,0
-0.0610756713523761,-0.6683451948468017,-0.41463450658928236,-0.5341764508381681,-1.057657770793801,0
0.8377642215465891,0.386382653848061,-1.689718577907893,-1.5192353105457526,-0.3273459363410215,0
0.7979945496122365,0.0845051456928626,1.1984937479061994,1.0860446044952525,0.9962583337218146,1
-0.12372894627483615,-0.3828171896129687,1.4310688280371915,2.2216516897058867,-2.3821480387667124,1
0.15946250680412918,-1.2172826922204794,0.37214699888431213,0.7822912879753042,-2.484360731519076,1
-1.2291835978004162,0.8524686434329506,-1.7484388495045615,-3.252546868425728,-1.2518826700244834,0
0.996118214911129,0.13988723283912738,1.286510623010387,0.9757588472851094,-1.692681895013352,1
